Frequency_THz,Re_chi_loop,Im_chi_loop,Re_chi_vectorized,Im_chi_vectorized,Absolute_Difference
0.01,-0.5978191271681077,-0.0507598196484509,-0.5978191271681077,-0.0507598196484509,0.0
0.011,-0.6006885143873657,-0.05126118207810637,-0.6006885143873657,-0.05126118207810637,0.0
0.012,-0.6035858404710706,-0.05177012805719847,-0.6035858404710706,-0.05177012805719847,0.0
0.013,-0.6065115189087547,-0.05228681367619819,-0.6065115189087547,-0.05228681367619819,0.0
0.014,-0.6094659714434494,-0.0528113991207745,-0.6094659714434494,-0.0528113991207745,0.0
0.015,-0.612449628279444,-0.05334404880310643,-0.612449628279444,-0.05334404880310643,0.0
0.016,-0.6154629282963546,-0.053884931498190375,-0.6154629282963546,-0.053884931498190375,0.0
0.017,-0.6185063192697254,-0.054434220485363546,-0.6185063192697254,-0.054434220485363546,0.0
0.018,-0.6215802580983939,-0.054992093695274503,-0.6215802580983939,-0.054992093695274503,0.0
0.019,-0.6246852110388645,-0.05555873386254457,-0.6246852110388645,-0.05555873386254457,0.0
0.02,-0.6278216539469407,-0.056134328684375664,-0.6278216539469407,-0.056134328684375664,0.0
0.021,-0.6309900725268771,-0.056719070985373085,-0.6309900725268771,-0.056719070985373085,0.0
0.022,-0.6341909625883267,-0.05731315888886637,-0.6341909625883267,-0.05731315888886637,0.0
0.023,-0.6374248303113638,-0.05791679599502491,-0.6374248303113638,-0.05791679599502491,0.0
0.024,-0.6406921925198837,-0.05853019156608164,-0.6406921925198837,-0.05853019156608164,0.0
0.025,-0.6439935769636806,-0.05915356071899373,-0.6439935769636806,-0.05915356071899373,0.0
0.026,-0.6473295226095307,-0.059787124625886805,-0.6473295226095307,-0.059787124625886805,0.0
0.027,-0.6507005799416095,-0.06043111072264796,-0.6507005799416095,-0.06043111072264796,0.0
0.028,-0.654107311271595,-0.061085752926051784,-0.654107311271595,-0.061085752926051784,0.0
0.029,-0.6575502910588209,-0.06175129185982492,-0.6575502910588209,-0.06175129185982492,0.0
0.03,-0.6610301062408511,-0.062427975090075916,-0.6610301062408511,-0.062427975090075916,0.0
0.031,-0.6645473565748786,-0.06311605737054124,-0.6645473565748786,-0.06311605737054124,0.0
0.032,-0.6681026549903539,-0.06381580089812204,-0.6681026549903539,-0.06381580089812204,0.0
0.033,-0.6716966279532732,-0.06452747557921357,-0.6716966279532732,-0.06452747557921357,0.0
0.034,-0.6753299158425754,-0.06525135930735594,-0.6753299158425754,-0.06525135930735594,0.0
0.035,-0.6790031733391091,-0.0659877382527653,-0.6790031733391091,-0.0659877382527653,0.0
0.036,-0.6827170698276629,-0.06673690716433545,-0.6827170698276629,-0.06673690716433545,0.0
0.037,-0.6864722898125599,-0.06749916968473373,-0.6864722898125599,-0.06749916968473373,0.0
0.038,-0.69026953334735,-0.06827483867925002,-0.69026953334735,-0.06827483867925002,0.0
0.039,-0.6941095164791511,-0.06906423657909638,-0.6941095164791511,-0.06906423657909638,0.0
0.04,-0.697992971708216,-0.06986769573989395,-0.697992971708216,-0.06986769573989395,0.0
0.041,-0.7019206484633285,-0.07068555881612812,-0.7019206484633285,-0.07068555881612812,0.0
0.042,-0.7058933135936537,-0.07151817915239697,-0.7058933135936537,-0.07151817915239697,0.0
0.043,-0.7099117518777037,-0.07236592119232811,-0.7099117518777037,-0.07236592119232811,0.0
0.044,-0.7139767665500998,-0.07322916090609032,-0.7139767665500998,-0.07322916090609032,0.0
0.045,-0.7180891798468501,-0.07410828623748136,-0.7180891798468501,-0.07410828623748136,0.0
0.046,-0.7222498335698873,-0.07500369757163367,-0.7222498335698873,-0.07500369757163367,0.0
0.047,-0.7264595896716493,-0.07591580822444106,-0.7264595896716493,-0.07591580822444106,0.0
0.048,-0.7307193308605194,-0.0768450449548787,-0.7307193308605194,-0.0768450449548787,0.0
0.049,-0.7350299612279753,-0.07779184850145883,-0.7350299612279753,-0.07779184850145883,0.0
0.05,-0.7393924068983382,-0.0787566741441433,-0.7393924068983382,-0.0787566741441433,0.0
0.051,-0.7438076167020554,-0.07973999229311515,-0.7438076167020554,-0.07973999229311515,0.0
0.052,-0.7482765628734843,-0.08074228910589984,-0.7482765628734843,-0.08074228910589984,0.0
0.053,-0.752800241774195,-0.08176406713442136,-0.752800241774195,-0.08176406713442136,0.0
0.054,-0.7573796746428538,-0.08280584600367864,-0.7573796746428538,-0.08280584600367864,0.0
0.055,-0.7620159083727962,-0.0838681631238367,-0.7620159083727962,-0.0838681631238367,0.0
0.056,-0.7667100163184474,-0.08495157443764224,-0.7667100163184474,-0.08495157443764224,0.0
0.057,-0.7714630991318008,-0.08605665520519758,-0.7714630991318008,-0.08605665520519758,0.0
0.058,-0.7762762856302244,-0.08718400082826161,-0.7762762856302244,-0.08718400082826161,0.0
0.059,-0.7811507336969093,-0.08833422771638716,-0.7811507336969093,-0.08833422771638716,0.0
0.06,-0.7860876312153473,-0.08950797419736092,-0.7860876312153473,-0.08950797419736092,0.0
0.061,-0.7910881970392794,-0.09070590147457462,-0.7910881970392794,-0.09070590147457462,0.0
0.062,-0.7961536819996167,-0.09192869463413582,-0.7961536819996167,-0.09192869463413582,0.0
0.063,-0.8012853699499157,-0.093177063704717,-0.8012853699499157,-0.093177063704717,0.0
0.064,-0.8064845788520416,-0.094451744773347,-0.8064845788520416,-0.094451744773347,0.0
0.065,-0.8117526619037382,-0.09575350116057142,-0.8117526619037382,-0.09575350116057142,0.0
0.066,-0.8170910087098944,-0.09708312465864584,-0.8170910087098944,-0.09708312465864584,0.0
0.067,-0.8225010464993682,-0.09844143683668471,-0.8225010464993682,-0.09844143683668471,0.0
0.068,-0.8279842413893204,-0.09982929041696431,-0.8279842413893204,-0.09982929041696431,0.0
0.069,-0.8335420996990767,-0.10124757072687894,-0.8335420996990767,-0.10124757072687894,0.0
0.07,-0.8391761693156401,-0.10269719723137266,-0.8391761693156401,-0.10269719723137266,0.0
0.071,-0.8448880411130446,-0.10417912515101697,-0.8448880411130446,-0.10417912515101697,0.0
0.072,-0.8506793504278417,-0.10569434717128404,-0.8506793504278417,-0.10569434717128404,0.0
0.073,-0.8565517785930974,-0.10724389524897214,-0.8565517785930974,-0.10724389524897214,0.0
0.074,-0.8625070545333695,-0.10882884252218157,-0.8625070545333695,-0.10882884252218157,0.0
0.075,-0.8685469564232309,-0.11045030533071984,-0.8685469564232309,-0.11045030533071984,0.0
0.076,-0.8746733134119916,-0.11210944535432943,-0.8746733134119916,-0.11210944535432943,0.0
0.077,-0.8808880074173787,-0.11380747187669775,-0.8808880074173787,-0.11380747187669775,0.0
0.078,-0.8871929749910092,-0.1155456441838146,-0.8871929749910092,-0.1155456441838146,0.0
0.079,-0.893590209258599,-0.117325274105906,-0.893590209258599,-0.117325274105906,0.0
0.08,-0.9000817619379294,-0.11914772871289145,-0.9000817619379294,-0.11914772871289145,0.0
0.081,-0.9066697454376795,-0.12101443317409076,-0.9066697454376795,-0.12101443317409076,0.0
0.082,-0.9133563350403144,-0.12292687379375784,-0.9133563350403144,-0.12292687379375784,0.0
0.083,-0.9201437711722887,-0.12488660123493975,-0.9201437711722887,-0.12488660123493975,0.0
0.084,-0.9270343617648898,-0.1268952339451659,-0.9270343617648898,-0.1268952339451659,0.0
0.085,-0.9340304847090901,-0.12895446179856782,-0.9340304847090901,-0.12895446179856782,0.0
0.086,-0.9411345904078209,-0.13106604997022098,-0.9411345904078209,-0.13106604997022098,0.0
0.087,-0.9483492044290932,-0.13323184305980615,-0.9483492044290932,-0.13323184305980615,0.0
0.088,-0.9556769302633835,-0.13545376948310298,-0.9556769302633835,-0.13545376948310298,0.0
0.089,-0.9631204521886738,-0.13773384615138518,-0.9631204521886738,-0.13773384615138518,0.0
0.09,-0.9706825382464662,-0.14007418346047817,-0.9706825382464662,-0.14007418346047817,0.0
0.091,-0.9783660433319877,-0.14247699061309435,-0.9783660433319877,-0.14247699061309435,0.0
0.092,-0.9861739124016459,-0.1449445813000889,-0.9861739124016459,-0.1449445813000889,0.0
0.093,-0.9941091838005853,-0.14747937976849967,-0.9941091838005853,-0.14747937976849967,0.0
0.094,-1.0021749927129204,-0.15008392730666256,-1.0021749927129204,-0.15008392730666256,0.0
0.095,-1.0103745747368522,-0.15276088917936162,-1.0103745747368522,-0.15276088917936162,0.0
0.096,-1.018711269586437,-0.15551306204889317,-1.018711269586437,-0.15551306204889317,0.0
0.097,-1.0271885249211925,-0.15834338192112907,-1.0271885249211925,-0.15834338192112907,0.0
0.098,-1.0358099003040395,-0.16125493265918509,-1.0358099003040395,-0.16125493265918509,0.0
0.099,-1.0445790712872254,-0.16425095511116558,-1.0445790712872254,-0.16425095511116558,0.0
0.1,-1.0534998336248136,-0.16733485690270472,-1.0534998336248136,-0.16733485690270472,0.0
0.101,-1.0625761076090992,-0.17051022294969775,-1.0625761076090992,-0.17051022294969775,0.0
0.102,-1.0718119425267707,-0.1737808267517542,-1.0718119425267707,-0.1737808267517542,0.0
0.103,-1.0812115212288433,-0.1771506425325642,-1.0812115212288433,-0.1771506425325642,0.0
0.104,-1.0907791648062166,-0.18062385829959485,-1.0907791648062166,-0.18062385829959485,0.0
0.105,-1.100519337360135,-0.1842048899023974,-1.100519337360135,-0.1842048899023974,0.0
0.106,-1.1104366508537595,-0.18789839617636345,-1.1104366508537595,-0.18789839617636345,0.0
0.107,-1.120535870027425,-0.19170929526710023,-1.120535870027425,-0.19170929526710023,0.0
0.108,-1.130821917355844,-0.19564278223977966,-1.130821917355844,-0.19564278223977966,0.0
0.109,-1.1412998780204184,-0.19970434808794216,-1.1412998780204184,-0.19970434808794216,0.0
0.11,-1.1519750048637885,-0.2038998002673994,-1.1519750048637885,-0.2038998002673994,0.0
0.111,-1.1628527232866337,-0.2082352848931934,-1.1628527232866337,-0.2082352848931934,0.0
0.112,-1.1739386360383188,-0.21271731075113473,-1.1739386360383188,-0.21271731075113473,0.0
0.113,-1.1852385278430755,-0.21735277529040362,-1.1852385278430755,-0.21735277529040362,0.0
0.114,-1.196758369791694,-0.22214899278016934,-1.196758369791694,-0.22214899278016934,0.0
0.115,-1.2085043234149235,-0.22711372483132466,-1.2085043234149235,-0.22711372483132466,0.0
0.116,-1.220482744338492,-0.23225521350438558,-1.220482744338492,-0.23225521350438558,0.0
0.117,-1.2327001854005042,-0.23758221724653542,-1.2327001854005042,-0.23758221724653542,0.0
0.118,-1.2451633990893427,-0.24310404992485612,-1.2451633990893427,-0.24310404992485612,0.0
0.119,-1.257879339133559,-0.2488306232491548,-1.257879339133559,-0.2488306232491548,0.0
0.12,-1.2708551610437817,-0.2547724929066167,-1.2708551610437817,-0.2547724929066167,0.0
0.121,-1.284098221369584,-0.26094090876194187,-1.284098221369584,-0.26094090876194187,0.0
0.122,-1.297616075390491,-0.2673478695107767,-1.297616075390491,-0.2673478695107767,0.0
0.123,-1.3114164729086515,-0.2740061822112191,-1.3114164729086515,-0.2740061822112191,0.0
0.124,-1.3255073517497211,-0.2809295271579765,-1.3255073517497211,-0.2809295271579765,0.0
0.125,-1.3398968285064983,-0.2881325286063461,-1.3398968285064983,-0.2881325286063461,0.0
0.126,-1.3545931859748004,-0.29563083189837613,-1.3545931859748004,-0.29563083189837613,0.0
0.127,-1.3696048566305892,-0.3034411875910149,-1.3696048566305892,-0.3034411875910149,0.0
0.128,-1.3849404013786084,-0.31158154323518933,-1.3849404013786084,-0.31158154323518933,0.0
0.129,-1.4006084826625076,-0.32007114350468113,-1.4006084826625076,-0.32007114350468113,0.0
0.13,-1.4166178308605868,-0.32893063942306744,-1.4166178308605868,-0.32893063942306744,0.0
0.131,-1.4329772026954042,-0.3381822074840024,-1.4329772026954042,-0.3381822074840024,0.0
0.132,-1.449695330154027,-0.347849679502078,-1.449695330154027,-0.347849679502078,0.0
0.133,-1.4667808581424595,-0.3579586840648004,-1.4667808581424595,-0.3579586840648004,0.0
0.134,-1.484242268775337,-0.3685368004758934,-1.484242268775337,-0.3685368004758934,0.0
0.135,-1.5020877898219174,-0.3796137260795336,-1.5020877898219174,-0.3796137260795336,0.0
0.136,-1.5203252843819777,-0.39122145782527074,-1.5203252843819777,-0.39122145782527074,0.0
0.137,-1.538962118339483,-0.40339448886245965,-1.538962118339483,-0.40339448886245965,0.0
0.138,-1.558005001525484,-0.4161700208253111,-1.558005001525484,-0.4161700208253111,0.0
0.139,-1.5774597978012326,-0.42958819226456,-1.5774597978012326,-0.42958819226456,0.0
0.14,-1.5973312984335548,-0.443692323372312,-1.5973312984335548,-0.443692323372312,0.0
0.141,-1.6176229521624674,-0.4585291766977863,-1.6176229521624674,-0.4585291766977863,0.0
0.142,-1.6383365442418965,-0.47414923291809546,-1.6383365442418965,-0.47414923291809546,0.0
0.143,-1.6594718154563695,-0.49060697985148777,-1.6594718154563695,-0.49060697985148777,0.0
0.144,-1.6810260106728423,-0.5079612117060002,-1.6810260106728423,-0.5079612117060002,0.0
0.145,-1.7029933448790076,-0.5262753339494541,-1.7029933448790076,-0.5262753339494541,0.0
0.146,-1.725364372903424,-0.5456176670479148,-1.725364372903424,-0.5456176670479148,0.0
0.147,-1.748125247146961,-0.5660617395005774,-1.748125247146961,-0.5660617395005774,0.0
0.148,-1.7712568457519862,-0.5876865569171137,-1.7712568457519862,-0.5876865569171137,0.0
0.149,-1.7947337518187796,-0.6105768291183623,-1.7947337518187796,-0.6105768291183623,0.0
0.15,-1.8185230627448616,-0.6348231311329899,-1.8185230627448616,-0.6348231311329899,0.0
0.151,-1.8425830078137813,-0.6605219662144401,-1.8425830078137813,-0.6605219662144401,0.0
0.152,-1.8668613522425357,-0.6877756892913013,-1.8668613522425357,-0.6877756892913013,0.0
0.153,-1.8912935676558922,-0.7166922372657476,-1.8912935676558922,-0.7166922372657476,0.0
0.154,-1.9158007532988577,-0.7473845980102557,-1.9158007532988577,-0.7473845980102557,0.0
0.155,-1.9402873004694892,-0.7799699326301209,-1.9402873004694892,-0.7799699326301209,0.0
0.156,-1.9646383063125177,-0.8145682456651744,-1.9646383063125177,-0.8145682456651744,0.0
0.157,-1.9887167644004609,-0.851300475967861,-1.9887167644004609,-0.851300475967861,0.0
0.158,-2.0123605910894247,-0.8902858583489368,-2.0123605910894247,-0.8902858583489368,0.0
0.159,-2.0353795915548742,-0.9316383852412528,-2.0353795915548742,-0.9316383852412528,0.0
0.16,-2.0575525309620475,-0.9754621828436417,-2.0575525309620475,-0.9754621828436417,0.0
0.161,-2.078624557322216,-1.0218456141096504,-2.078624557322216,-1.0218456141096504,0.0
0.162,-2.0983053247694645,-1.0708539412511855,-2.0983053247694645,-1.0708539412511855,0.0
0.163,-2.1162682877427867,-1.1225204364128951,-2.1162682877427867,-1.1225204364128951,0.0
0.164,-2.1321517707760673,-1.1768359375926,-2.1321517707760673,-1.1768359375926,0.0
0.165,-2.145562549234756,-1.233737026634983,-2.145562549234756,-1.233737026634983,0.0
0.166,-2.1560827745226976,-1.2930932747570454,-2.1560827745226976,-1.2930932747570454,0.0
0.167,-2.163281098018374,-1.3546943680359926,-2.163281098018374,-1.3546943680359926,0.0
0.168,-2.166728729563504,-1.4182383812285897,-2.166728729563504,-1.4182383812285897,0.0
0.169,-2.1660208358047757,-1.4833229706134035,-2.1660208358047757,-1.4833229706134035,0.0
0.17,-2.160803072908154,-1.5494417144229742,-2.160803072908154,-1.5494417144229742,0.0
0.171,-2.1508021233728667,-1.6159880950437855,-2.1508021233728667,-1.6159880950437855,0.0
0.172,-2.1358579108805067,-1.6822694946572314,-2.1358579108805067,-1.6822694946572314,0.0
0.173,-2.1159538647542275,-1.7475328612786638,-2.1159538647542275,-1.7475328612786638,0.0
0.174,-2.091240506510872,-1.811002260718611,-2.091240506510872,-1.811002260718611,0.0
0.175,-2.062047161405767,-1.8719264019850206,-2.062047161405767,-1.8719264019850206,0.0
0.176,-2.028877192039608,-1.9296317169635102,-2.028877192039608,-1.9296317169635102,0.0
0.177,-1.9923840690920742,-1.98357428293768,-1.9923840690920742,-1.98357428293768,0.0
0.178,-1.953328726120634,-2.033382559638854,-1.953328726120634,-2.033382559638854,0.0
0.179,-1.9125224092197661,-2.0788832428975934,-1.9125224092197661,-2.0788832428975934,0.0
0.18,-1.8707626678952889,-2.120104786708993,-1.8707626678952889,-2.120104786708993,0.0
0.181,-1.828772206620023,-2.157256981078403,-1.828772206620023,-2.157256981078403,0.0
0.182,-1.7871503185319026,-2.1906894951667586,-1.7871503185319026,-2.1906894951667586,0.0
0.183,-1.7463444634854428,-2.2208363417294703,-1.7463444634854428,-2.2208363417294703,0.0
0.184,-1.706645787441502,-2.2481557875110676,-1.706645787441502,-2.2481557875110676,0.0
0.185,-1.6682079645044001,-2.2730758096182866,-1.6682079645044001,-2.2730758096182866,0.0
0.186,-1.6310846671341501,-2.29595383283187,-1.6310846671341501,-2.29595383283187,0.0
0.187,-1.5952779716935592,-2.317056647114415,-1.5952779716935592,-2.317056647114415,0.0
0.188,-1.5607884719860436,-2.3365627401113955,-1.5607884719860436,-2.3365627401113955,0.0
0.189,-1.5276579010729214,-2.3545854160856536,-1.5276579010729214,-2.3545854160856536,0.0
0.19,-1.495996568121118,-2.371211570215351,-1.495996568121118,-2.371211570215351,0.0
0.191,-1.4659906817475383,-2.3865483563975736,-1.4659906817475383,-2.3865483563975736,0.0
0.192,-1.4378882594295586,-2.4007686879589656,-1.4378882594295586,-2.4007686879589656,0.0
0.193,-1.4119662004752507,-2.414146859937781,-1.4119662004752507,-2.414146859937781,0.0
0.194,-1.3884844481783871,-2.4270775898195316,-1.3884844481783871,-2.4270775898195316,0.0
0.195,-1.3676352344873652,-2.440075030634776,-1.3676352344873652,-2.440075030634776,0.0
0.196,-1.3494957364730515,-2.453752031582688,-1.3494957364730515,-2.453752031582688,0.0
0.197,-1.3339911233038877,-2.4687831849611968,-1.3339911233038877,-2.4687831849611968,0.0
0.198,-1.3208724732723987,-2.4858572724830443,-1.3208724732723987,-2.4858572724830443,0.0
0.199,-1.3097112063878074,-2.5056253176377523,-1.3097112063878074,-2.5056253176377523,0.0
0.2,-1.2999092823412093,-2.52864976322613,-1.2999092823412093,-2.52864976322613,0.0
0.201,-1.2907229316666435,-2.555358865053205,-1.2907229316666435,-2.555358865053205,0.0
0.202,-1.2812972004995093,-2.586008856658711,-1.2812972004995093,-2.586008856658711,0.0
0.203,-1.2707088461347358,-2.6206552982057385,-1.2707088461347358,-2.6206552982057385,0.0
0.204,-1.2580156915539205,-2.6591345253108503,-1.2580156915539205,-2.6591345253108503,0.0
0.205,-1.2423109807099155,-2.701056240835149,-1.2423109807099155,-2.701056240835149,0.0
0.206,-1.2227812190256135,-2.7458088025643166,-1.2227812190256135,-2.7458088025643166,0.0
0.207,-1.1987652559929574,-2.792579261993231,-1.1987652559929574,-2.792579261993231,0.0
0.208,-1.1698110131560149,-2.840390249228616,-1.1698110131560149,-2.840390249228616,0.0
0.209,-1.1357245782346728,-2.888154959117829,-1.1357245782346728,-2.888154959117829,0.0
0.21,-1.0966049165056746,-2.9347495272227824,-1.0966049165056746,-2.9347495272227824,0.0
0.211,-1.0528568954916997,-2.9790990655424117,-1.0528568954916997,-2.9790990655424117,0.0
0.212,-1.0051763465110595,-3.0202700656885697,-1.0051763465110595,-3.0202700656885697,0.0
0.213,-0.9545038470855736,-3.0575586992305857,-0.9545038470855736,-3.0575586992305857,0.0
0.214,-0.901948560202142,-3.0905628781155943,-0.901948560202142,-3.0905628781155943,0.0
0.215,-0.8486888742523777,-3.1192266996598064,-0.8486888742523777,-3.1192266996598064,0.0
0.216,-0.7958613238143658,-3.1438493510186394,-0.7958613238143658,-3.1438493510186394,0.0
0.217,-0.7444519136951548,-3.1650560470438043,-0.7444519136951548,-3.1650560470438043,0.0
0.218,-0.69520368324265,-3.1837347275764727,-0.69520368324265,-3.1837347275764727,0.0
0.219,-0.6485512569726803,-3.2009474108075286,-0.6485512569726803,-3.2009474108075286,0.0
0.22,-0.6045882477708298,-3.217828053663706,-0.6045882477708298,-3.217828053663706,0.0
0.221,-0.5630681668356481,-3.2354791079634477,-0.5630681668356481,-3.2354791079634477,0.0
0.222,-0.5234352519105715,-3.254877148307365,-0.5234352519105715,-3.254877148307365,0.0
0.223,-0.48487906351713594,-3.2767949876533073,-0.48487906351713594,-3.2767949876533073,0.0
0.224,-0.4464058240666987,-3.3017446570134337,-0.4464058240666987,-3.3017446570134337,0.0
0.225,-0.40691976434016386,-3.329943253370508,-0.40691976434016386,-3.329943253370508,0.0
0.226,-0.36530846348330304,-3.3613022053972643,-0.36530846348330304,-3.3613022053972643,0.0
0.227,-0.3205266898311615,-3.395439756598215,-0.3205266898311615,-3.395439756598215,0.0
0.228,-0.2716732510656736,-3.4317159102977066,-0.2716732510656736,-3.4317159102977066,0.0
0.229,-0.2180549295600342,-3.4692881427096007,-0.2180549295600342,-3.4692881427096007,0.0
0.23,-0.1592311777285898,-3.5071844624676114,-0.1592311777285898,-3.5071844624676114,0.0
0.231,-0.09503357832013615,-3.5443878499231416,-0.09503357832013615,-3.5443878499231416,0.0
0.232,-0.025555810656796685,-3.57992321703672,-0.025555810656796685,-3.57992321703672,0.0
0.233,0.04888667030757399,-3.6129357076662494,0.04888667030757399,-3.6129357076662494,0.0
0.234,0.12782314539874906,-3.642748510727236,0.12782314539874906,-3.642748510727236,0.0
0.235,0.2107109311005141,-3.6688902310720413,0.2107109311005141,-3.6688902310720413,0.0
0.236,0.29702181282268003,-3.6910864022396535,0.29702181282268003,-3.6910864022396535,0.0
0.237,0.3863161665853275,-3.709216171257409,0.3863161665853275,-3.709216171257409,0.0
0.238,0.47829078755176313,-3.7232420511838584,0.47829078755176313,-3.7232420511838584,0.0
0.239,0.5727910072623617,-3.7331262205877587,0.5727910072623617,-3.7331262205877587,0.0
0.24,0.6697843310169669,-3.7387498215171306,0.6697843310169669,-3.7387498215171306,0.0
0.241,0.7693000980674203,-3.7398514786338004,0.7693000980674203,-3.7398514786338004,0.0
0.242,0.8713461240233225,-3.7359979970681696,0.8713461240233225,-3.7359979970681696,0.0
0.243,0.9758178238594009,-3.726594580524682,0.9758178238594009,-3.726594580524682,0.0
0.244,1.0824172263637633,-3.710934887527875,1.0824172263637633,-3.710934887527875,0.0
0.245,1.1905982027123083,-3.6882838866621883,1.1905982027123083,-3.6882838866621883,0.0
0.246,1.2995501032564738,-3.657979983065175,1.2995501032564738,-3.657979983065175,0.0
0.247,1.4082252586517112,-3.6195385611132513,1.4082252586517112,-3.6195385611132513,0.0
0.248,1.5154075265913884,-3.572738077735932,1.5154075265913884,-3.572738077735932,0.0
0.249,1.6198109517780341,-3.5176727427866,1.6198109517780341,-3.5176727427866,0.0
0.25,1.7201916150979946,-3.4547622617701284,1.7201916150979946,-3.4547622617701284,0.0
0.251,1.8154534547353598,-3.384717643966515,1.8154534547353598,-3.384717643966515,0.0
0.252,1.9047308117653081,-3.3084705542910693,1.9047308117653081,-3.3084705542910693,0.0
0.253,1.9874359899157934,-3.2270800128042554,1.9874359899157934,-3.2270800128042554,0.0
0.254,2.0632675585632567,-3.1416330984903427,2.0632675585632567,-3.1416330984903427,0.0
0.255,2.132182504040312,-3.053155500257996,2.132182504040312,-3.053155500257996,0.0
0.256,2.1943410625195137,-2.962544067807796,2.1943410625195137,-2.962544067807796,0.0
0.257,2.2500363220644233,-2.870528239147826,2.2500363220644233,-2.870528239147826,0.0
0.258,2.2996213816516384,-2.7776616420570073,2.2996213816516384,-2.7776616420570073,0.0
0.259,2.343445405308597,-2.6843402516952617,2.343445405308597,-2.6843402516952617,0.0
0.26,2.3818069120923258,-2.590839837822281,2.3818069120923258,-2.590839837822281,0.0
0.261,2.4149287358404945,-2.4973633794262553,2.4149287358404945,-2.4973633794262553,0.0
0.262,2.4429549203816774,-2.4040887962211284,2.4429549203816774,-2.4040887962211284,0.0
0.263,2.4659660564878956,-2.3112086810770887,2.4659660564878956,-2.3112086810770887,0.0
0.264,2.484006855896824,-2.218956388094816,2.484006855896824,-2.218956388094816,0.0
0.265,2.4971185573869907,-2.1276162287902984,2.4971185573869907,-2.1276162287902984,0.0
0.266,2.505369187639025,-2.0375188701815077,2.505369187639025,-2.0375188701815077,0.0
0.267,2.5088764580981535,-1.9490255781187371,2.5088764580981535,-1.9490255781187371,0.0
0.268,2.507820551309401,-1.8625062532457193,2.507820551309401,-1.8625062532457193,0.0
0.269,2.5024465243019076,-1.7783162141558526,2.5024465243019076,-1.7783162141558526,0.0
0.27,2.4930579657014285,-1.6967756968736771,2.4930579657014285,-1.6967756968736771,0.0
0.271,2.4800046097667017,-1.6181545504408124,2.4800046097667017,-1.6181545504408124,0.0
0.272,2.463666852406421,-1.5426630918479494,2.463666852406421,-1.5426630918479494,0.0
0.273,2.444439747874175,-1.4704488696696176,2.444439747874175,-1.4704488696696176,0.0
0.274,2.422718375704234,-1.4015983162615389,2.422718375704234,-1.4015983162615389,0.0
0.275,2.398885707400831,-1.3361419301201658,2.398885707400831,-1.3361419301201658,0.0
0.276,2.373303438837726,-1.274061620946925,2.373303438837726,-1.274061620946925,0.0
0.277,2.346305765378762,-1.2152990419163685,2.346305765378762,-1.2152990419163685,0.0
0.278,2.318195772704224,-1.1597640135823648,2.318195772704224,-1.1597640135823648,0.0
0.279,2.28924396847664,-1.1073424318221723,2.28924396847664,-1.1073424318221723,0.0
0.28,2.2596884447934515,-1.057903302529262,2.2596884447934515,-1.057903302529262,0.0
0.281,2.22973619621357,-1.0113047396854782,2.22973619621357,-1.0113047396854782,0.0
0.282,2.199565188791519,-0.9673988996716887,2.199565188791519,-0.9673988996716887,0.0
0.283,2.169326858160047,-0.9260359110897337,2.169326858160047,-0.9260359110897337,0.0
0.284,2.139148794706328,-0.8870669072101484,2.139148794706328,-0.8870669072101484,0.0
0.285,2.1091374437601287,-0.8503462886117248,2.1091374437601287,-0.8503462886117248,0.0
0.286,2.079380705639752,-0.815733346118011,2.079380705639752,-0.815733346118011,0.0
0.287,2.0499503643766293,-0.7830933660279555,2.0499503643766293,-0.7830933660279555,0.0
0.288,2.0209043063989163,-0.7522983260405205,2.0209043063989163,-0.7522983260405205,0.0
0.289,1.9922885133981365,-0.7232272746005352,1.9922885133981365,-0.7232272746005352,0.0
0.29,1.9641388290841246,-0.6957664707442854,1.9641388290841246,-0.6957664707442854,0.0
0.291,1.9364825093996467,-0.6698093470682542,1.9364825093996467,-0.6698093470682542,0.0
0.292,1.9093395715567545,-0.6452563457361049,1.9093395715567545,-0.6452563457361049,0.0
0.293,1.8827239601903054,-0.62201466664473,1.8827239601903054,-0.62201466664473,0.0
0.294,1.8566445499262145,-0.5999979579328474,1.8566445499262145,-0.5999979579328474,0.0
0.295,1.8311060034154552,-0.5791259717618336,1.8311060034154552,-0.5791259717618336,0.0
0.296,1.8061095028776073,-0.5593242025055406,1.8061095028776073,-0.5593242025055406,0.0
0.297,1.7816533717698044,-0.540523519922831,1.7816533717698044,-0.540523519922831,0.0
0.298,1.7577336015777494,-0.5226598063359156,1.7577336015777494,-0.5226598063359156,0.0
0.299,1.7343442970646326,-0.5056736041059126,1.7343442970646326,-0.5056736041059126,0.0
0.3,1.7114780517045707,-0.48950977761894676,1.7114780517045707,-0.48950977761894676,0.0
0.301,1.689126263523431,-0.4741171924333762,1.689126263523431,-0.4741171924333762,0.0
0.302,1.6672794001994202,-0.459448413078622,1.6672794001994202,-0.459448413078622,0.0
0.303,1.6459272210488352,-0.445459420147544,1.6459272210488352,-0.445459420147544,0.0
0.304,1.6250589624383198,-0.4321093467149504,1.6250589624383198,-0.4321093467149504,0.0
0.305,1.6046634922168366,-0.4193602336876422,1.6046634922168366,-0.4193602336876422,0.0
0.306,1.5847294379375199,-0.4071768034016086,1.5847294379375199,-0.4071768034016086,0.0
0.307,1.5652452929295384,-0.39552625059508506,1.5652452929295384,-0.39552625059508506,0.0
0.308,1.5461995036702367,-0.3843780497753184,1.5461995036702367,-0.3843780497753184,0.0
0.309,1.5275805413859942,-0.3737037779416462,1.5275805413859942,-0.3737037779416462,0.0
0.31,1.509376960364997,-0.3634769516122351,1.509376960364997,-0.3634769516122351,0.0
0.311,1.4915774450859653,-0.3536728771147169,1.4915774450859653,-0.3536728771147169,0.0
0.312,1.474170847944672,-0.34426851313317103,1.474170847944672,-0.34426851313317103,0.0
0.313,1.4571462190864866,-0.3352423445487279,1.4571462190864866,-0.3352423445487279,0.0
0.314,1.4404928296211958,-0.32657426666368167,1.4404928296211958,-0.32657426666368167,0.0
0.315,1.4242001892996856,-0.31824547895577654,1.4242001892996856,-0.31824547895577654,0.0
0.316,1.4082580595654592,-0.3102383875676865,1.4082580595654592,-0.3102383875676865,0.0
0.317,1.3926564627528912,-0.3025365157948634,1.3926564627528912,-0.3025365157948634,0.0
0.318,1.3773856880846018,-0.29512442189154914,1.3773856880846018,-0.29512442189154914,0.0
0.319,1.36243629501916,-0.2879876235690728,1.36243629501916,-0.2879876235690728,0.0
0.32,1.3477991144146557,-0.28111252861200586,1.3477991144146557,-0.28111252861200586,0.0
0.321,1.3334652479010765,-0.2744863710860428,1.3334652479010765,-0.2744863710860428,0.0
0.322,1.3194260657929981,-0.26809715265650846,1.3194260657929981,-0.26809715265650846,0.0
0.323,1.305673203821991,-0.2619335885780978,1.305673203821991,-0.2619335885780978,0.0
0.324,1.2921985589240537,-0.25598505795495724,1.2921985589240537,-0.25598505795495724,0.0
0.325,1.2789942842799773,-0.250241557905589,1.2789942842799773,-0.250241557905589,0.0
0.326,1.2660527837748705,-0.24469366129949108,1.2660527837748705,-0.24469366129949108,0.0
0.327,1.253366706016227,-0.23933247776210173,1.253366706016227,-0.23933247776210173,0.0
0.328,1.2409289380271415,-0.2341496176716753,1.2409289380271415,-0.2341496176716753,0.0
0.329,1.2287325987120143,-0.2291371588963919,1.2287325987120143,-0.2291371588963919,0.0
0.33,1.216771032175724,-0.22428761604244882,1.216771032175724,-0.22428761604244882,0.0
0.331,1.2050378009634028,-0.2195939120043082,1.2050378009634028,-0.2195939120043082,0.0
0.332,1.193526679276251,-0.21504935162683894,1.193526679276251,-0.21504935162683894,0.0
0.333,1.1822316462088536,-0.2106475973059439,1.1822316462088536,-0.2106475973059439,0.0
0.334,1.1711468790451272,-0.20638264636958897,1.1711468790451272,-0.20638264636958897,0.0
0.335,1.1602667466428764,-0.2022488100950431,1.1602667466428764,-0.2022488100950431,0.0
0.336,1.1495858029309962,-0.19824069423077362,1.1495858029309962,-0.19824069423077362,0.0
0.337,1.139098780538267,-0.19435318090289394,1.139098780538267,-0.19435318090289394,0.0
0.338,1.12880058456847,-0.19058141179647595,1.12880058456847,-0.19058141179647595,0.0
0.339,1.1186862865329592,-0.18692077251149258,1.1186862865329592,-0.18692077251149258,0.0
0.34,1.1087511184488308,-0.1833668780017396,1.1087511184488308,-0.1833668780017396,0.0
0.341,1.0989904671083455,-0.17991555901289832,1.0989904671083455,-0.17991555901289832,0.0
0.342,1.0893998685231447,-0.17656284944299003,1.0893998685231447,-0.17656284944299003,0.0
0.343,1.0799750025450887,-0.1733049745549294,1.0799750025450887,-0.1733049745549294,0.0
0.344,1.0707116876641152,-0.17013833997675692,1.0707116876641152,-0.17013833997675692,0.0
0.345,1.0616058759823181,-0.16705952143047087,1.0616058759823181,-0.16705952143047087,0.0
0.346,1.0526536483625182,-0.16406525513525244,1.0526536483625182,-0.16406525513525244,0.0
0.347,1.0438512097487962,-0.1611524288353081,1.0438512097487962,-0.1611524288353081,0.0
0.348,1.0351948846558552,-0.15831807340660273,1.0351948846558552,-0.15831807340660273,0.0
0.349,1.0266811128235813,-0.1555593550004409,1.0266811128235813,-0.1555593550004409,0.0
0.35,1.0183064450328003,-0.15287356768522295,1.0183064450328003,-0.15287356768522295,0.0
0.351,1.0100675390779363,-0.15025812655077858,1.0100675390779363,-0.15025812655077858,0.0
0.352,1.0019611558920842,-0.14771056124248846,1.0019611558920842,-0.14771056124248846,0.0
0.353,0.993984155819848,-0.14522850989497268,0.993984155819848,-0.14522850989497268,0.0
0.354,0.9861334950332364,-0.14280971343747834,0.9861334950332364,-0.14280971343747834,0.0
0.355,0.9784062220858426,-0.1404520102452471,0.9784062220858426,-0.1404520102452471,0.0
0.356,0.9707994746005467,-0.13815333111311462,0.9707994746005467,-0.13815333111311462,0.0
0.357,0.963310476086009,-0.13591169452940308,0.963310476086009,-0.13591169452940308,0.0
0.358,0.955936532877262,-0.13372520222981854,0.955936532877262,-0.13372520222981854,0.0
0.359,0.9486750311957973,-0.13159203501259104,0.9486750311957973,-0.13159203501259104,0.0
0.36,0.941523434324627,-0.12951044879748694,0.941523434324627,-0.12951044879748694,0.0
0.361,0.9344792798938992,-0.12747877091260656,0.9344792798938992,-0.12747877091260656,0.0
0.362,0.92754017727277,-0.12549539659406048,0.92754017727277,-0.12549539659406048,0.0
0.363,0.920703805063338,-0.12355878568469818,0.920703805063338,-0.12355878568469818,0.0
0.364,0.91396790869259,-0.1216674595190654,0.91396790869259,-0.1216674595190654,0.0
0.365,0.9073302980984241,-0.11981999798268296,0.9073302980984241,-0.11981999798268296,0.0
0.366,0.9007888455059447,-0.11801503673458633,0.9007888455059447,-0.11801503673458633,0.0
0.367,0.8943414832903743,-0.11625126458284966,0.8943414832903743,-0.11625126458284966,0.0
0.368,0.8879862019230269,-0.11452742100353348,0.8879862019230269,-0.11452742100353348,0.0
0.369,0.8817210479969515,-0.11284229379416483,0.8817210479969515,-0.11284229379416483,0.0
0.37,0.8755441223289555,-0.11119471685346964,0.8755441223289555,-0.11119471685346964,0.0
0.371,0.8694535781348677,-0.10958356807964863,0.8694535781348677,-0.10958356807964863,0.0
0.372,0.8634476192750008,-0.108007767380008,0.8634476192750008,-0.108007767380008,0.0
0.373,0.8575244985669144,-0.10646627478524655,0.8575244985669144,-0.10646627478524655,0.0
0.374,0.851682516162688,-0.104958088662148,0.851682516162688,-0.104958088662148,0.0
0.375,0.8459200179880233,-0.10348224401884396,0.8459200179880233,-0.10348224401884396,0.0
0.376,0.840235394240621,-0.10203781089720097,0.840235394240621,-0.10203781089720097,0.0
0.377,0.8346270779453656,-0.10062389284723919,0.8346270779453656,-0.10062389284723919,0.0
0.378,0.8290935435639676,-0.09923962547882609,0.8290935435639676,-0.09923962547882609,0.0
0.379,0.8236333056568101,-0.09788417508619453,0.8236333056568101,-0.09788417508619453,0.0
0.38,0.8182449175948395,-0.09655673734112123,0.8182449175948395,-0.09655673734112123,0.0
0.381,0.812926970319436,-0.0952565360508687,0.812926970319436,-0.0952565360508687,0.0
0.382,0.8076780911482851,-0.09398282197723876,0.8076780911482851,-0.09398282197723876,0.0
0.383,0.8024969426253575,-0.09273487171331748,0.8024969426253575,-0.09273487171331748,0.0
0.384,0.7973822214131909,-0.09151198661470555,0.7973822214131909,-0.09151198661470555,0.0
0.385,0.7923326572257353,-0.09031349178222534,0.7923326572257353,-0.09031349178222534,0.0
0.386,0.787347011800114,-0.08913873509328471,0.787347011800114,-0.08913873509328471,0.0
0.387,0.7824240779057068,-0.08798708627924659,0.7824240779057068,-0.08798708627924659,0.0
0.388,0.7775626783890432,-0.08685793604631879,0.7775626783890432,-0.08685793604631879,0.0
0.389,0.7727616652530578,-0.08575069523762557,0.7727616652530578,-0.08575069523762557,0.0
0.39,0.7680199187693137,-0.08466479403426481,0.7680199187693137,-0.08466479403426481,0.0
0.391,0.7633363466218783,-0.08359968119328606,0.7633363466218783,-0.08359968119328606,0.0
0.392,0.7587098830815702,-0.0825548233206446,0.7587098830815702,-0.0825548233206446,0.0
0.393,0.7541394882093706,-0.08152970417730453,0.7541394882093706,-0.08152970417730453,0.0
0.394,0.749624147087835,-0.08052382401676832,0.749624147087835,-0.08052382401676832,0.0
0.395,0.7451628690793964,-0.07953669895241225,0.7451628690793964,-0.07953669895241225,0.0
0.396,0.7407546871104926,-0.07856786035309868,0.7407546871104926,-0.07856786035309868,0.0
0.397,0.7363986569805028,-0.07761685426562612,0.7363986569805028,-0.07761685426562612,0.0
0.398,0.73209385669452,-0.07668324086265868,0.73209385669452,-0.07668324086265868,0.0
0.399,0.727839385819026,-0.07576659391485344,0.727839385819026,-0.07576659391485344,0.0
0.4,0.7236343648595788,-0.07486650028597831,0.7236343648595788,-0.07486650028597831,0.0
0.401,0.7194779346596558,-0.07398255944987726,0.7194779346596558,-0.07398255944987726,0.0
0.402,0.7153692558198392,-0.07311438302820661,0.7153692558198392,-0.07311438302820661,0.0
0.403,0.7113075081365574,-0.07226159434792352,0.7113075081365574,-0.07226159434792352,0.0
0.404,0.7072918900596336,-0.07142382801756465,0.7072918900596336,-0.07142382801756465,0.0
0.405,0.7033216181679276,-0.07060072952140561,0.7033216181679276,-0.07060072952140561,0.0
0.406,0.6993959266623772,-0.06979195483063998,0.6993959266623772,-0.06979195483063998,0.0
0.407,0.6955140668757851,-0.06899717003076483,0.6955140668757851,-0.06899717003076483,0.0
0.408,0.6916753067987184,-0.06821605096440221,0.6916753067987184,-0.06821605096440221,0.0
0.409,0.6878789306209157,-0.0674482828888267,0.6878789306209157,-0.0674482828888267,0.0
0.41,0.6841242382876246,-0.06669356014750982,0.6841242382876246,-0.06669356014750982,0.0
0.411,0.6804105450703103,-0.06595158585502534,0.6804105450703103,-0.06595158585502534,0.0
0.412,0.6767371811512066,-0.06522207159469677,0.6767371811512066,-0.06522207159469677,0.0
0.413,0.6731034912211966,-0.06450473712839871,0.6731034912211966,-0.06450473712839871,0.0
0.414,0.6695088340905307,-0.06379931011795452,0.6695088340905307,-0.06379931011795452,0.0
0.415,0.6659525823119222,-0.06310552585760257,0.6659525823119222,-0.06310552585760257,0.0
0.416,0.6624341218155565,-0.06242312701702816,0.6624341218155565,-0.06242312701702816,0.0
0.417,0.6589528515555915,-0.06175186339448593,0.6589528515555915,-0.06175186339448593,0.0
0.418,0.6555081831677324,-0.0610914916795602,0.6555081831677324,-0.0610914916795602,0.0
0.419,0.6520995406374788,-0.06044177522513404,0.6520995406374788,-0.06044177522513404,0.0
0.42,0.6487263599786686,-0.05980248382815954,0.6487263599786686,-0.05980248382815954,0.0
0.421,0.6453880889219467,-0.05917339351884078,0.6453880889219467,-0.05917339351884078,0.0
0.422,0.6420841866128093,-0.058554286357862015,0.6420841866128093,-0.058554286357862015,0.0
0.423,0.6388141233188835,-0.05794495024130985,0.6388141233188835,-0.05794495024130985,0.0
0.424,0.6355773801461206,-0.057345178712957204,0.6355773801461206,-0.057345178712957204,0.0
0.425,0.6323734487635875,-0.056754770783590876,0.6323734487635875,-0.056754770783590876,0.0
0.426,0.6292018311365584,-0.056173530757081876,0.6292018311365584,-0.056173530757081876,0.0
0.427,0.6260620392676202,-0.055601268062910894,0.6260620392676202,-0.055601268062910894,0.0
0.428,0.6229535949455107,-0.05503779709487541,0.6229535949455107,-0.05503779709487541,0.0
0.429,0.619876029501428,-0.054482937055718536,0.619876029501428,-0.054482937055718536,0.0
0.43,0.6168288835725527,-0.05393651180743049,0.6168288835725527,-0.05393651180743049,0.0
0.431,0.6138117068725369,-0.05339834972698711,0.6138117068725369,-0.05339834972698711,0.0
0.432,0.6108240579687255,-0.0528682835672995,0.6108240579687255,-0.0528682835672995,0.0
0.433,0.6078655040658791,-0.052346150323159917,0.6078655040658791,-0.052346150323159917,0.0
0.434,0.6049356207961838,-0.051831791101979344,0.6049356207961838,-0.051831791101979344,0.0
0.435,0.602033992015333,-0.051325050999120686,0.602033992015333,-0.051325050999120686,0.0
0.436,0.5991602096044821,-0.050825778977641276,0.5991602096044821,-0.050825778977641276,0.0
0.437,0.5963138732778784,-0.05033382775226677,0.5963138732778784,-0.05033382775226677,0.0
0.438,0.5934945903959796,-0.04984905367742598,0.5934945903959796,-0.04984905367742598,0.0
0.439,0.5907019757838824,-0.04937131663918508,0.5907019757838824,-0.04937131663918508,0.0
0.44,0.5879356515548823,-0.04890047995092532,0.5879356515548823,-0.04890047995092532,0.0
0.441,0.585195246939001,-0.04843641025261665,0.585195246939001,-0.04843641025261665,0.0
0.442,0.582480398116319,-0.04797897741354572,0.582480398116319,-0.04797897741354572,0.0
0.443,0.5797907480549559,-0.04752805443836251,0.5797907480549559,-0.04752805443836251,0.0
0.444,0.5771259463535532,-0.047083517376317156,0.5771259463535532,-0.047083517376317156,0.0
0.445,0.5744856490881094,-0.04664524523356225,0.5744856490881094,-0.04664524523356225,0.0
0.446,0.5718695186630325,-0.046213119888403105,0.5718695186630325,-0.046213119888403105,0.0
0.447,0.5692772236662743,-0.0457870260093826,0.5692772236662743,-0.0457870260093826,0.0
0.448,0.5667084387284167,-0.04536685097609214,0.5667084387284167,-0.04536685097609214,0.0
0.449,0.5641628443855868,-0.04495248480260542,0.5641628443855868,-0.04495248480260542,0.0
0.45,0.5616401269460788,-0.04454382006343568,0.5616401269460788,-0.04454382006343568,0.0
0.451,0.559139978360568,-0.044140751821921176,0.559139978360568,-0.044140751821921176,0.0
0.452,0.556662096095804,-0.043743177560948414,0.556662096095804,-0.043743177560948414,0.0
0.453,0.5542061830116769,-0.043350997115925584,0.5542061830116769,-0.043350997115925584,0.0
0.454,0.5517719472415501,-0.04296411260992288,0.5517719472415501,-0.04296411260992288,0.0
0.455,0.5493591020757604,-0.0425824283908997,0.5493591020757604,-0.0425824283908997,0.0
0.456,0.5469673658481894,-0.042205850970941906,0.5469673658481894,-0.042205850970941906,0.0
0.457,0.5445964618258083,-0.04183428896743575,0.5445964618258083,-0.04183428896743575,0.0
0.458,0.5422461181011142,-0.04146765304610797,0.5422461181011142,-0.04146765304610797,0.0
0.459,0.5399160674873589,-0.04110585586586435,0.5399160674873589,-0.04110585586586435,0.0
0.46,0.5376060474164968,-0.04074881202536179,0.5376060474164968,-0.04074881202536179,0.0
0.461,0.5353157998397642,-0.04039643801125197,0.5353157998397642,-0.04039643801125197,0.0
0.462,0.5330450711308115,-0.040048652148036455,0.5330450711308115,-0.040048652148036455,0.0
0.463,0.5307936119913165,-0.03970537454947634,0.5307936119913165,-0.03970537454947634,0.0
0.464,0.5285611773590001,-0.03936652707150107,0.5285611773590001,-0.03936652707150107,0.0
0.465,0.5263475263179773,-0.039032033266563626,0.5263475263179773,-0.039032033266563626,0.0
0.466,0.524152422011373,-0.03870181833939164,0.524152422011373,-0.03870181833939164,0.0
0.467,0.5219756315561357,-0.03837580910408514,0.5219756315561357,-0.03837580910408514,0.0
0.468,0.5198169259599876,-0.03805393394251468,0.5198169259599876,-0.03805393394251468,0.0
0.469,0.5176760800404471,-0.0377361227639744,0.5176760800404471,-0.0377361227639744,0.0
0.47,0.5155528723458624,-0.037422306966046856,0.5155528723458624,-0.037422306966046856,0.0
0.471,0.5134470850784026,-0.037112419396638265,0.5134470850784026,-0.037112419396638265,0.0
0.472,0.5113585040189446,-0.03680639431714387,0.5113585040189446,-0.03680639431714387,0.0
0.473,0.5092869184538072,-0.03650416736670527,0.5092869184538072,-0.03650416736670527,0.0
0.474,0.5072321211032751,-0.03620567552752245,0.5072321211032751,-0.03620567552752245,0.0
0.475,0.5051939080518641,-0.03591085709118522,0.5051939080518641,-0.03591085709118522,0.0
0.476,0.5031720786802794,-0.035619651625989526,0.5031720786802794,-0.035619651625989526,0.0
0.477,0.5011664355990167,-0.03533199994520621,0.5011664355990167,-0.03533199994520621,0.0
0.478,0.4991767845835626,-0.035047844076269964,0.4991767845835626,-0.035047844076269964,0.0
0.479,0.4972029345111481,-0.03476712723085822,0.4972029345111481,-0.03476712723085822,0.0
0.48,0.495244697299012,-0.034489793775830814,0.495244697299012,-0.034489793775830814,0.0
0.481,0.49330188784413265,-0.034215789205001665,0.49330188784413265,-0.034215789205001665,0.0
0.482,0.49137432396438957,-0.03394506011171581,0.49137432396438957,-0.03394506011171581,0.0
0.483,0.4894618263411111,-0.033677554162204984,0.4894618263411111,-0.033677554162204984,0.0
0.484,0.4875642184629741,-0.03341322006969696,0.4875642184629741,-0.03341322006969696,0.0
0.485,0.48568132657121776,-0.03315200756925396,0.48568132657121776,-0.03315200756925396,0.0
0.486,0.4838129796061338,-0.032893867393316824,0.4838129796061338,-0.032893867393316824,0.0
0.487,0.4819590091548025,-0.032638751247932384,0.4819590091548025,-0.032638751247932384,0.0
0.488,0.48011924940003703,-0.03238661178964205,0.48011924940003703,-0.03238661178964205,0.0
0.489,0.478293537070505,-0.03213740260301069,0.478293537070505,-0.03213740260301069,0.0
0.49,0.4764817113919972,-0.03189107817877569,0.4764817113919972,-0.03189107817877569,0.0
0.491,0.4746836140398106,-0.031647593892596186,0.4746836140398106,-0.031647593892596186,0.0
0.492,0.4728990890922172,-0.03140690598438428,0.4728990890922172,-0.03140690598438428,0.0
0.493,0.47112798298499015,-0.031168971538199457,0.47112798298499015,-0.031168971538199457,0.0
0.494,0.46937014446695874,-0.030933748462688912,0.46937014446695874,-0.030933748462688912,0.0
0.495,0.4676254245565655,-0.03070119547205693,0.4676254245565655,-0.03070119547205693,0.0
0.496,0.4658936764993981,-0.030471272067546688,0.4658936764993981,-0.030471272067546688,0.0
0.497,0.46417475572667355,-0.030243938519419124,0.46417475572667355,-0.030243938519419124,0.0
0.498,0.4624685198146461,-0.030019155849413184,0.4624685198146461,-0.030019155849413184,0.0
0.499,0.4607748284449175,-0.029796885813673075,0.4607748284449175,-0.029796885813673075,0.0
0.5,0.4590935433656265,-0.0295770908861282,0.4590935433656265,-0.0295770908861282,0.0
0.501,0.4574245283534919,-0.029359734242311957,0.4574245283534919,-0.029359734242311957,0.0
0.502,0.4557676491766922,-0.029144779743606478,0.4557676491766922,-0.029144779743606478,0.0
0.503,0.4541227735585559,-0.028932191921900045,0.4541227735585559,-0.028932191921900045,0.0
0.504,0.4524897711420443,-0.028721935964645277,0.4524897711420443,-0.028721935964645277,0.0
0.505,0.45086851345500606,-0.02851397770030574,0.45086851345500606,-0.02851397770030574,0.0
0.506,0.44925887387618463,-0.028308283584179795,0.44925887387618463,-0.028308283584179795,0.0
0.507,0.4476607276019582,-0.02810482068459021,0.4476607276019582,-0.02810482068459021,0.0
0.508,0.44607395161379576,-0.027903556669428942,0.44607395161379576,-0.027903556669428942,0.0
0.509,0.4444984246464093,-0.027704459793046574,0.4444984246464093,-0.027704459793046574,0.0
0.51,0.4429340271565861,-0.027507498883476308,0.4429340271565861,-0.027507498883476308,0.0
0.511,0.4413806412926846,-0.027312643329982834,0.4413806412926846,-0.027312643329982834,0.0
0.512,0.4398381508647763,-0.02711986307092658,0.4398381508647763,-0.02711986307092658,0.0
0.513,0.4383064413154179,-0.026929128581934147,0.4383064413154179,-0.026929128581934147,0.0
0.514,0.43678539969103986,-0.02674041086436631,0.43678539969103986,-0.02674041086436631,0.0
0.515,0.435274914613933,-0.026553681434074702,0.435274914613933,-0.026553681434074702,0.0
0.516,0.43377487625482297,-0.026368912310439356,0.43377487625482297,-0.026368912310439356,0.0
0.517,0.4322851763060143,-0.026186076005678634,0.4322851763060143,-0.026186076005678634,0.0
0.518,0.4308057079550923,-0.026005145514424177,0.4308057079550923,-0.026005145514424177,0.0
0.519,0.4293363658591692,-0.025826094303553114,0.4293363658591692,-0.025826094303553114,0.0
0.52,0.4278770461196602,-0.0256488963022704,0.4278770461196602,-0.0256488963022704,0.0
0.521,0.4264276462575793,-0.025473525892434304,0.4264276462575793,-0.025473525892434304,0.0
0.522,0.4249880651893398,-0.02529995789911808,0.4249880651893398,-0.02529995789911808,0.0
0.523,0.42355820320304827,-0.02512816758140129,0.42355820320304827,-0.02512816758140129,0.0
0.524,0.4221379619352815,-0.02495813062338452,0.4221379619352815,-0.02495813062338452,0.0
0.525,0.42072724434833314,-0.02478982312542105,0.42072724434833314,-0.02478982312542105,0.0
0.526,0.4193259547079207,-0.02462322159555979,0.4193259547079207,-0.02462322159555979,0.0
0.527,0.41793399856134106,-0.024458302941193395,0.41793399856134106,-0.024458302941193395,0.0
0.528,0.41655128271606323,-0.0242950444609061,0.41655128271606323,-0.0242950444609061,0.0
0.529,0.4151777152187507,-0.024133423836515684,0.4151777152187507,-0.024133423836515684,0.0
0.53,0.413813205334701,-0.023973419125304547,0.413813205334701,-0.023973419125304547,0.0
0.531,0.4124576635276937,-0.023815008752434374,0.4124576635276937,-0.023815008752434374,0.0
0.532,0.41111100144023693,-0.023658171503539778,0.41111100144023693,-0.023658171503539778,0.0
0.533,0.4097731318742049,-0.023502886517495884,0.4097731318742049,-0.023502886517495884,0.0
0.534,0.40844396877185474,-0.023349133279355266,0.40844396877185474,-0.023349133279355266,0.0
0.535,0.4071234271972164,-0.023196891613449743,0.4071234271972164,-0.023196891613449743,0.0
0.536,0.40581142331784587,-0.023046141676652514,0.40581142331784587,-0.023046141676652514,0.0
0.537,0.4045078743869336,-0.02289686395179653,0.4045078743869336,-0.02289686395179653,0.0
0.538,0.4032126987257608,-0.022749039241244783,0.4032126987257608,-0.022749039241244783,0.0
0.539,0.401925815706494,-0.022602648660608696,0.401925815706494,-0.022602648660608696,0.0
0.54,0.40064714573531296,-0.022457673632610566,0.40064714573531296,-0.022457673632610566,0.0
0.541,0.3993766102358618,-0.022314095881086397,0.3993766102358618,-0.022314095881086397,0.0
0.542,0.39811413163301745,-0.022171897425125296,0.39811413163301745,-0.022171897425125296,0.0
0.543,0.39685963333696866,-0.022031060573342132,0.39685963333696866,-0.022031060573342132,0.0
0.544,0.3956130397275973,-0.02189156791827966,0.3956130397275973,-0.02189156791827966,0.0
0.545,0.3943742761391575,-0.021753402330937133,0.3943742761391575,-0.021753402330937133,0.0
0.546,0.39314326884524275,-0.021616546955421832,0.39314326884524275,-0.021616546955421832,0.0
0.547,0.39191994504403804,-0.02148098520372051,0.39191994504403804,-0.02148098520372051,0.0
0.548,0.39070423284384925,-0.021346700750587675,0.39070423284384925,-0.021346700750587675,0.0
0.549,0.3894960612489021,-0.021213677528547636,0.3894960612489021,-0.021213677528547636,0.0
0.55,0.3882953601454087,-0.021081899723007558,0.3882953601454087,-0.021081899723007558,0.0
0.551,0.3871020602878923,-0.020951351767478605,0.3871020602878923,-0.020951351767478605,0.0
0.552,0.3859160932857656,-0.020822018338902425,0.3859160932857656,-0.020822018338902425,0.0
0.553,0.38473739159015913,-0.02069388435308045,0.38473739159015913,-0.02069388435308045,0.0
0.554,0.3835658884809905,-0.02056693496020322,0.3835658884809905,-0.02056693496020322,0.0
0.555,0.3824015180542734,-0.020441155540477516,0.3824015180542734,-0.020441155540477516,0.0
0.556,0.3812442152096587,-0.020316531699848546,0.3812442152096587,-0.020316531699848546,0.0
0.557,0.3800939156382029,-0.02019304926581505,0.3800939156382029,-0.02019304926581505,0.0
0.558,0.37895055581035975,-0.02007069428333488,0.37895055581035975,-0.02007069428333488,0.0
0.559,0.3778140729641909,-0.01994945301081895,0.3778140729641909,-0.01994945301081895,0.0
0.56,0.376684405093789,-0.01982931191621124,0.376684405093789,-0.01982931191621124,0.0
0.561,0.3755614909379105,-0.019710257673152844,0.3755614909379105,-0.019710257673152844,0.0
0.562,0.3744452699688133,-0.01959227715722795,0.3744452699688133,-0.01959227715722795,0.0
0.563,0.3733356823812937,-0.01947535744228971,0.3733356823812937,-0.01947535744228971,0.0
0.564,0.3722326690819217,-0.019359485796864254,0.3722326690819217,-0.019359485796864254,0.0
0.565,0.3711361716784663,-0.019244649680630655,0.3711361716784663,-0.019244649680630655,0.0
0.566,0.3700461324695099,-0.019130836740975272,0.3700461324695099,-0.019130836740975272,0.0
0.567,0.36896249443424756,-0.019018034809618504,0.36896249443424756,-0.019018034809618504,0.0
0.568,0.3678852012224647,-0.018906231899312297,0.3678852012224647,-0.018906231899312297,0.0
0.569,0.3668141971446942,-0.018795416200606728,0.3668141971446942,-0.018795416200606728,0.0
0.57,0.3657494271625445,-0.018685576078683923,0.3657494271625445,-0.018685576078683923,0.0
0.571,0.36469083687919823,-0.0185767000702578,0.36469083687919823,-0.0185767000702578,0.0
0.572,0.3636383725300766,-0.018468776880538027,0.3636383725300766,-0.018468776880538027,0.0
0.573,0.3625919809736664,-0.018361795380256632,0.3625919809736664,-0.018361795380256632,0.0
0.574,0.3615516096825073,-0.018255744602755957,0.3615516096825073,-0.018255744602755957,0.0
0.575,0.3605172067343342,-0.018150613741136266,0.3605172067343342,-0.018150613741136266,0.0
0.576,0.359488720803373,-0.018046392145461814,0.359488720803373,-0.018046392145461814,0.0
0.577,0.3584661011517866,-0.01794306932002389,0.3584661011517866,-0.01794306932002389,0.0
0.578,0.3574492976212678,-0.01784063492065956,0.3574492976212678,-0.01784063492065956,0.0
0.579,0.3564382606247759,-0.017739078752124826,0.3564382606247759,-0.017739078752124826,0.0
0.58,0.3554329411384146,-0.01763839076552087,0.3554329411384146,-0.01763839076552087,0.0
0.581,0.3544332906934485,-0.017538561055772214,0.3544332906934485,-0.017538561055772214,0.0
0.582,0.3534392613684547,-0.01743957985915563,0.3534392613684547,-0.01743957985915563,0.0
0.583,0.352450805781608,-0.017341437550878486,0.352450805781608,-0.017341437550878486,0.0
0.584,0.3514678770830951,-0.01724412464270564,0.3514678770830951,-0.01724412464270564,0.0
0.585,0.35049042894765864,-0.017147631780633523,0.35049042894765864,-0.017147631780633523,0.0
0.586,0.3495184155672641,-0.017051949742610487,0.3495184155672641,-0.017051949742610487,0.0
0.587,0.3485517916438912,-0.0169570694363023,0.3485517916438912,-0.0169570694363023,0.0
0.588,0.34759051238244487,-0.01686298189690187,0.34759051238244487,-0.01686298189690187,0.0
0.589,0.3466345334837846,-0.016769678284982006,0.3466345334837846,-0.016769678284982006,0.0
0.59,0.34568381113786933,-0.01667714988439046,0.34568381113786933,-0.01667714988439046,0.0
0.591,0.34473830201701605,-0.016585388100186154,0.34473830201701605,-0.016585388100186154,0.0
0.592,0.3437979632692694,-0.0164943844566157,0.3437979632692694,-0.0164943844566157,0.0
0.593,0.342862752511881,-0.016404130595129435,0.342862752511881,-0.016404130595129435,0.0
0.594,0.3419326278248949,-0.016314618272435834,0.3419326278248949,-0.016314618272435834,0.0
0.595,0.3410075477448397,-0.016225839358593754,0.3410075477448397,-0.016225839358593754,0.0
0.596,0.3400874712585222,-0.016137785835141437,0.3400874712585222,-0.016137785835141437,0.0
0.597,0.33917235779692206,-0.016050449793261527,0.33917235779692206,-0.016050449793261527,0.0
0.598,0.3382621672291877,-0.015963823431981435,0.3382621672291877,-0.015963823431981435,0.0
0.599,0.3373568598567266,-0.015877899056408063,0.3373568598567266,-0.015877899056408063,0.0
0.6,0.3364563964073932,-0.01579266907599627,0.3364563964073932,-0.01579266907599627,0.0
0.601,0.3355607380297696,-0.015708126002850358,0.3355607380297696,-0.015708126002850358,0.0
0.602,0.33466984628753826,-0.015624262450057744,0.33466984628753826,-0.015624262450057744,0.0
0.603,0.3337836831539449,-0.015541071130054264,0.3337836831539449,-0.015541071130054264,0.0
0.604,0.3329022110063499,-0.015458544853020298,0.3329022110063499,-0.015458544853020298,0.0
0.605,0.33202539262086656,-0.01537667652530713,0.33202539262086656,-0.01537667652530713,0.0
0.606,0.33115319116708486,-0.01529545914789287,0.33115319116708486,-0.01529545914789287,0.0
0.607,0.33028557020287796,-0.01521488581486727,0.33028557020287796,-0.01521488581486727,0.0
0.608,0.32942249366929227,-0.015134949711944897,0.32942249366929227,-0.015134949711944897,0.0
0.609,0.3285639258855168,-0.015055644115005963,0.3285639258855168,-0.015055644115005963,0.0
0.61,0.32770983154393235,-0.0149769623886643,0.32770983154393235,-0.0149769623886643,0.0
0.611,0.32686017570523807,-0.014898897984861808,0.32686017570523807,-0.014898897984861808,0.0
0.612,0.32601492379365443,-0.014821444441488984,0.32601492379365443,-0.014821444441488984,0.0
0.613,0.32517404159220126,-0.014744595381030774,0.32517404159220126,-0.014744595381030774,0.0
0.614,0.3243374952380486,-0.014668344509237383,0.3243374952380486,-0.014668344509237383,0.0
0.615,0.3235052512179406,-0.014592685613819408,0.3235052512179406,-0.014592685613819408,0.0
0.616,0.32267727636368937,-0.014517612563166837,0.32267727636368937,-0.014517612563166837,0.0
0.617,0.3218535378477396,-0.014443119305091453,0.3218535378477396,-0.014443119305091453,0.0
0.618,0.32103400317879993,-0.01436919986559205,0.32103400317879993,-0.01436919986559205,0.0
0.619,0.3202186401975434,-0.01429584834764206,0.3202186401975434,-0.01429584834764206,0.0
0.62,0.3194074170723715,-0.014223058929999149,0.3194074170723715,-0.014223058929999149,0.0
0.621,0.31860030229524505,-0.01415082586603622,0.31860030229524505,-0.01415082586603622,0.0
0.622,0.31779726467757774,-0.014079143482593546,0.31779726467757774,-0.014079143482593546,0.0
0.623,0.31699827334619174,-0.014008006178851427,0.31699827334619174,-0.014008006178851427,0.0
0.624,0.3162032977393355,-0.013937408425223072,0.3162032977393355,-0.013937408425223072,0.0
0.625,0.3154123076027612,-0.013867344762267225,0.3154123076027612,-0.013867344762267225,0.0
0.626,0.3146252729858614,-0.01379780979962016,0.3146252729858614,-0.01379780979962016,0.0
0.627,0.3138421642378648,-0.01372879821494668,0.3138421642378648,-0.01372879821494668,0.0
0.628,0.3130629520040875,-0.013660304752909653,0.3130629520040875,-0.013660304752909653,0.0
0.629,0.31228760722224175,-0.013592324224157787,0.31228760722224175,-0.013592324224157787,0.0
0.63,0.3115161011187995,-0.01352485150433124,0.3115161011187995,-0.01352485150433124,0.0
0.631,0.3107484052054095,-0.013457881533084694,0.3107484052054095,-0.013457881533084694,0.0
0.632,0.3099844912753688,-0.013391409313127614,0.3099844912753688,-0.013391409313127614,0.0
0.633,0.30922433140014594,-0.013325429909281237,0.30922433140014594,-0.013325429909281237,0.0
0.634,0.30846789792595525,-0.013259938447552036,0.30846789792595525,-0.013259938447552036,0.0
0.635,0.3077151634703823,-0.013194930114221315,0.3077151634703823,-0.013194930114221315,0.0
0.636,0.3069661009190587,-0.013130400154950582,0.3069661009190587,-0.013130400154950582,0.0
0.637,0.3062206834223861,-0.013066343873902476,0.3062206834223861,-0.013066343873902476,0.0
0.638,0.30547888439230775,-0.013002756632876788,0.30547888439230775,-0.013002756632876788,0.0
0.639,0.30474067749912725,-0.01293963385046144,0.30474067749912725,-0.01293963385046144,0.0
0.64,0.30400603666837367,-0.012876971001198,0.30400603666837367,-0.012876971001198,0.0
0.641,0.30327493607771305,-0.01281476361476157,0.30327493607771305,-0.01281476361476157,0.0
0.642,0.3025473501539035,-0.012753007275154618,0.3025473501539035,-0.012753007275154618,0.0
0.643,0.3018232535697949,-0.01269169761991463,0.3018232535697949,-0.01269169761991463,0.0
0.644,0.3011026212413723,-0.012630830339335195,0.3011026212413723,-0.012630830339335195,0.0
0.645,0.300385428324841,-0.012570401175700335,0.300385428324841,-0.012570401175700335,0.0
0.646,0.2996716502137544,-0.012510405922531801,0.2996716502137544,-0.012510405922531801,0.0
0.647,0.29896126253618255,-0.012450840423849072,0.29896126253618255,-0.012450840423849072,0.0
0.648,0.29825424115192106,-0.01239170057344182,0.29825424115192106,-0.01239170057344182,0.0
0.649,0.29755056214974046,-0.012332982314154629,0.29755056214974046,-0.012332982314154629,0.0
0.65,0.29685020184467353,-0.012274681637183642,0.29685020184467353,-0.012274681637183642,0.0
0.651,0.2961531367753425,-0.012216794581385066,0.2961531367753425,-0.012216794581385066,0.0
0.652,0.2954593437013232,-0.01215931723259514,0.2954593437013232,-0.01215931723259514,0.0
0.653,0.2947687996005468,-0.012102245722961447,0.2947687996005468,-0.012102245722961447,0.0
0.654,0.294081481666738,-0.012045576230285331,0.294081481666738,-0.012045576230285331,0.0
0.655,0.2933973673068891,-0.011989304977375204,0.2933973673068891,-0.011989304977375204,0.0
0.656,0.2927164341387703,-0.011933428231410543,0.2927164341387703,-0.011933428231410543,0.0
0.657,0.2920386599884736,-0.011877942303316371,0.2920386599884736,-0.011877942303316371,0.0
0.658,0.29136402288799207,-0.011822843547148005,0.29136402288799207,-0.011822843547148005,0.0
0.659,0.29069250107283234,-0.011768128359485949,0.29069250107283234,-0.011768128359485949,0.0
0.66,0.2900240729796601,-0.011713793178840606,0.2900240729796601,-0.011713793178840606,0.0
0.661,0.2893587172439788,-0.011659834485066824,0.2893587172439788,-0.011659834485066824,0.0
0.662,0.2886964126978403,-0.01160624879878788,0.2886964126978403,-0.01160624879878788,0.0
0.663,0.28803713836758643,-0.011553032680828851,0.28803713836758643,-0.011553032680828851,0.0
0.664,0.28738087347162244,-0.011500182731659219,0.28738087347162244,-0.011500182731659219,0.0
0.665,0.286727597418221,-0.011447695590844437,0.286727597418221,-0.011447695590844437,0.0
0.666,0.28607728980335567,-0.011395567936506357,0.28607728980335567,-0.011395567936506357,0.0
0.667,0.28542993040856485,-0.01134379648479237,0.28542993040856485,-0.01134379648479237,0.0
0.668,0.28478549919884405,-0.011292377989353043,0.28478549919884405,-0.011292377989353043,0.0
0.669,0.2841439763205672,-0.01124130924082814,0.2841439763205672,-0.01124130924082814,0.0
0.67,0.2835053420994366,-0.011190587066340855,0.2835053420994366,-0.011190587066340855,0.0
0.671,0.28286957703845983,-0.011140208329000137,0.28286957703845983,-0.011140208329000137,0.0
0.672,0.2822366618159548,-0.011090169927410881,0.2822366618159548,-0.011090169927410881,0.0
0.673,0.2816065772835809,-0.011040468795191966,0.2816065772835809,-0.011040468795191966,0.0
0.674,0.28097930446439745,-0.010991101900501843,0.28097930446439745,-0.010991101900501843,0.0
0.675,0.2803548245509479,-0.010942066245571709,0.2803548245509479,-0.010942066245571709,0.0
0.676,0.27973311890336927,-0.010893358866245985,0.27973311890336927,-0.010893358866245985,0.0
0.677,0.27911416904752767,-0.010844976831530033,0.27911416904752767,-0.010844976831530033,0.0
0.678,0.278497956673178,-0.010796917243144986,0.278497956673178,-0.010796917243144986,0.0
0.679,0.27788446363214847,-0.01074917723508953,0.27788446363214847,-0.01074917723508953,0.0
0.68,0.27727367193654906,-0.010701753973208553,0.27727367193654906,-0.010701753973208553,0.0
0.681,0.27666556375700424,-0.010654644654768506,0.27666556375700424,-0.010654644654768506,0.0
0.682,0.276060121420908,-0.010607846508039377,0.276060121420908,-0.010607846508039377,0.0
0.683,0.27545732741070317,-0.010561356791883136,0.27545732741070317,-0.010561356791883136,0.0
0.684,0.274857164362182,-0.010515172795348573,0.274857164362182,-0.010515172795348573,0.0
0.685,0.2742596150628104,-0.010469291837272384,0.2742596150628104,-0.010469291837272384,0.0
0.686,0.27366466245007337,-0.010423711265886402,0.27366466245007337,-0.010423711265886402,0.0
0.687,0.2730722896098423,-0.010378428458430901,0.2730722896098423,-0.010378428458430901,0.0
0.688,0.2724824797747632,-0.010333440820773775,0.2724824797747632,-0.010333440820773775,0.0
0.689,0.2718952163226663,-0.010288745787035597,0.2718952163226663,-0.010288745787035597,0.0
0.69,0.27131048277499636,-0.010244340819220404,0.27131048277499636,-0.010244340819220404,0.0
0.691,0.2707282627952634,-0.010200223406852086,0.2707282627952634,-0.010200223406852086,0.0
0.692,0.2701485401875126,-0.010156391066616314,0.2701485401875126,-0.010156391066616314,0.0
0.693,0.26957129889481496,-0.010112841342007914,0.26957129889481496,-0.010112841342007914,0.0
0.694,0.2689965229977773,-0.010069571802983575,0.2689965229977773,-0.010069571802983575,0.0
0.695,0.2684241967130705,-0.010026580045619802,0.2684241967130705,-0.010026580045619802,0.0
0.696,0.2678543043919777,-0.009983863691776026,0.2678543043919777,-0.009983863691776026,0.0
0.697,0.2672868305189605,-0.009941420388762792,0.2672868305189605,-0.009941420388762792,0.0
0.698,0.26672175971024353,-0.009899247809014904,0.26672175971024353,-0.009899247809014904,0.0
0.699,0.266159076712417,-0.009857343649769501,0.266159076712417,-0.009857343649769501,0.0
0.7,0.2655987664010574,-0.009815705632748924,0.2655987664010574,-0.009815705632748924,0.0
0.701,0.265040813779365,-0.0097743315038483,0.265040813779365,-0.0097743315038483,0.0
0.702,0.2644852039768195,-0.009733219032827818,0.2644852039768195,-0.009733219032827818,0.0
0.703,0.26393192224785167,-0.009692366013009521,0.26393192224785167,-0.009692366013009521,0.0
0.704,0.2633809539705325,-0.009651770260978637,0.2633809539705325,-0.009651770260978637,0.0
0.705,0.26283228464527864,-0.0096114296162893,0.26283228464527864,-0.0096114296162893,0.0
0.706,0.2622858998935736,-0.009571341941174618,0.2622858998935736,-0.009571341941174618,0.0
0.707,0.26174178545670607,-0.009531505120261028,0.26174178545670607,-0.009531505120261028,0.0
0.708,0.2611999271945224,-0.009491917060286802,0.2611999271945224,-0.009491917060286802,0.0
0.709,0.2606603110841966,-0.009452575689824754,0.2606603110841966,-0.009452575689824754,0.0
0.71,0.26012292321901365,-0.00941347895900891,0.26012292321901365,-0.00941347895900891,0.0
0.711,0.25958774980716937,-0.00937462483926526,0.25958774980716937,-0.00937462483926526,0.0
0.712,0.2590547771705849,-0.009336011323046373,0.2590547771705849,-0.009336011323046373,0.0
0.713,0.25852399174373497,-0.009297636423569892,0.25852399174373497,-0.009297636423569892,0.0
0.714,0.25799538007249184,-0.009259498174560813,0.25799538007249184,-0.009259498174560813,0.0
0.715,0.25746892881298267,-0.009221594629997512,0.25746892881298267,-0.009221594629997512,0.0
0.716,0.2569446247304613,-0.009183923863861417,0.2569446247304613,-0.009183923863861417,0.0
0.717,0.25642245469819347,-0.00914648396989031,0.25642245469819347,-0.00914648396989031,0.0
0.718,0.25590240569635647,-0.009109273061335167,0.25590240569635647,-0.009109273061335167,0.0
0.719,0.2553844648109515,-0.009072289270720497,0.2553844648109515,-0.009072289270720497,0.0
0.72,0.2548686192327291,-0.009035530749608084,0.2548686192327291,-0.009035530749608084,0.0
0.721,0.2543548562561288,-0.008998995668364172,0.2543548562561288,-0.008998995668364172,0.0
0.722,0.25384316327823075,-0.008962682215929899,0.25384316327823075,-0.008962682215929899,0.0
0.723,0.2533335277977198,-0.008926588599595045,0.2533335277977198,-0.008926588599595045,0.0
0.724,0.2528259374138629,-0.008890713044774975,0.2528259374138629,-0.008890713044774975,0.0
0.725,0.25232037982549854,-0.008855053794790763,0.25232037982549854,-0.008855053794790763,0.0
0.726,0.2518168428300382,-0.008819609110652393,0.2518168428300382,-0.008819609110652393,0.0
0.727,0.2513153143224798,-0.008784377270845066,0.2513153143224798,-0.008784377270845066,0.0
0.728,0.2508157822944331,-0.008749356571118489,0.2508157822944331,-0.008749356571118489,0.0
0.729,0.2503182348331572,-0.008714545324279132,0.2503182348331572,-0.008714545324279132,0.0
0.73,0.24982266012060816,-0.008679941859985392,0.24982266012060816,-0.008679941859985392,0.0
0.731,0.24932904643250017,-0.008645544524545662,0.24932904643250017,-0.008645544524545662,0.0
0.732,0.2488373821373755,-0.008611351680719187,0.2488373821373755,-0.008611351680719187,0.0
0.733,0.24834765569568726,-0.008577361707519694,0.24834765569568726,-0.008577361707519694,0.0
0.734,0.24785985565889232,-0.008543573000021802,0.24785985565889232,-0.008543573000021802,0.0
0.735,0.24737397066855488,-0.008509983969170055,0.24737397066855488,-0.008509983969170055,0.0
0.736,0.24688998945546092,-0.008476593041590668,0.24688998945546092,-0.008476593041590668,0.0
0.737,0.24640790083874292,-0.008443398659405832,0.24640790083874292,-0.008443398659405832,0.0
0.738,0.24592769372501497,-0.008410399280050605,0.24592769372501497,-0.008410399280050605,0.0
0.739,0.24544935710751772,-0.00837759337609232,0.24544935710751772,-0.00837759337609232,0.0
0.74,0.24497288006527396,-0.00834497943505248,0.24497288006527396,-0.00834497943505248,0.0
0.741,0.2444982517622535,-0.008312555959231107,0.2444982517622535,-0.008312555959231107,0.0
0.742,0.24402546144654796,-0.008280321465533466,0.24402546144654796,-0.008280321465533466,0.0
0.743,0.24355449844955535,-0.008248274485299205,0.24355449844955535,-0.008248274485299205,0.0
0.744,0.24308535218517383,-0.008216413564133778,0.24308535218517383,-0.008216413564133778,0.0
0.745,0.24261801214900508,-0.008184737261742205,0.24261801214900508,-0.008184737261742205,0.0
0.746,0.24215246791756678,-0.008153244151765073,0.24215246791756678,-0.008153244151765073,0.0
0.747,0.24168870914751417,-0.008121932821616749,0.24168870914751417,-0.008121932821616749,0.0
0.748,0.24122672557487068,-0.008090801872325823,0.24122672557487068,-0.008090801872325823,0.0
0.749,0.24076650701426705,-0.008059849918377646,0.24076650701426705,-0.008059849918377646,0.0
0.75,0.24030804335819006,-0.008029075587559067,0.24030804335819006,-0.008029075587559067,0.0
0.751,0.23985132457623887,-0.007998477520805201,0.23985132457623887,-0.007998477520805201,0.0
0.752,0.23939634071439037,-0.007968054372048271,0.23939634071439037,-0.007968054372048271,0.0
0.753,0.23894308189427285,-0.007937804808068492,0.23894308189427285,-0.007937804808068492,0.0
0.754,0.23849153831244832,-0.00790772750834694,0.23849153831244832,-0.00790772750834694,0.0
0.755,0.23804170023970203,-0.007877821164920371,0.23804170023970203,-0.007877821164920371,0.0
0.756,0.237593558020341,-0.007848084482238012,0.237593558020341,-0.007848084482238012,0.0
0.757,0.2371471020715002,-0.007818516177020219,0.2371471020715002,-0.007818516177020219,0.0
0.758,0.23670232288245646,-0.007789114978119038,0.23670232288245646,-0.007789114978119038,0.0
0.759,0.23625921101395023,-0.007759879626380595,0.23625921101395023,-0.007759879626380595,0.0
0.76,0.23581775709751485,-0.007730808874509331,0.23581775709751485,-0.007730808874509331,0.0
0.761,0.23537795183481375,-0.007701901486934007,0.23537795183481375,-0.007701901486934007,0.0
0.762,0.23493978599698448,-0.007673156239675479,0.23493978599698448,-0.007673156239675479,0.0
0.763,0.23450325042399078,-0.0076445719202162254,0.23450325042399078,-0.0076445719202162254,0.0
0.764,0.23406833602398125,-0.00761614732737157,0.23406833602398125,-0.00761614732737157,0.0
0.765,0.2336350337726557,-0.007587881271162605,0.2336350337726557,-0.007587881271162605,0.0
0.766,0.23320333471263818,-0.007559772572690766,0.23320333471263818,-0.007559772572690766,0.0
0.767,0.23277322995285737,-0.0075318200640140665,0.23277322995285737,-0.0075318200640140665,0.0
0.768,0.23234471066793316,-0.007504022588024893,0.23234471066793316,-0.007504022588024893,0.0
0.769,0.2319177680975712,-0.007476378998329471,0.2319177680975712,-0.007476378998329471,0.0
0.77,0.23149239354596285,-0.007448888159128811,0.23149239354596285,-0.007448888159128811,0.0
0.771,0.23106857838119269,-0.007421548945101256,0.23106857838119269,-0.007421548945101256,0.0
0.772,0.2306463140346519,-0.00739436024128652,0.2306463140346519,-0.00739436024128652,0.0
0.773,0.2302255920004588,-0.00736732094297123,0.2302255920004588,-0.00736732094297123,0.0
0.774,0.22980640383488515,-0.007340429955575949,0.22980640383488515,-0.007340429955575949,0.0
0.775,0.2293887411557888,-0.0073136861945436345,0.2293887411557888,-0.0073136861945436345,0.0
0.776,0.22897259564205305,-0.007287088585229557,0.22897259564205305,-0.007287088585229557,0.0
0.777,0.2285579590330316,-0.007260636062792598,0.2285579590330316,-0.007260636062792598,0.0
0.778,0.2281448231279995,-0.007234327572087953,0.2281448231279995,-0.007234327572087953,0.0
0.779,0.22773317978561083,-0.007208162067561214,0.22773317978561083,-0.007208162067561214,0.0
0.78,0.22732302092336135,-0.007182138513143784,0.22732302092336135,-0.007182138513143784,0.0
0.781,0.22691433851705745,-0.007156255882149628,0.22691433851705745,-0.007156255882149628,0.0
0.782,0.2265071246002908,-0.007130513157173337,0.2265071246002908,-0.007130513157173337,0.0
0.783,0.22610137126391874,-0.007104909329989482,0.22610137126391874,-0.007104909329989482,0.0
0.784,0.22569707065554986,-0.007079443401453242,0.22569707065554986,-0.007079443401453242,0.0
0.785,0.22529421497903598,-0.007054114381402285,0.22529421497903598,-0.007054114381402285,0.0
0.786,0.22489279649396837,-0.007028921288559887,0.22489279649396837,-0.007028921288559887,0.0
0.787,0.2244928075151805,-0.007003863150439261,0.2244928075151805,-0.007003863150439261,0.0
0.788,0.2240942404122556,-0.006978939003249108,0.2240942404122556,-0.006978939003249108,0.0
0.789,0.2236970876090394,-0.006954147891800336,0.2236970876090394,-0.006954147891800336,0.0
0.79,0.22330134158315829,-0.0069294888694139386,0.22330134158315829,-0.0069294888694139386,0.0
0.791,0.22290699486554252,-0.006904960997830047,0.22290699486554252,-0.006904960997830047,0.0
0.792,0.22251404003995445,-0.0068805633471180965,0.22251404003995445,-0.0068805633471180965,0.0
0.793,0.22212246974252176,-0.006856294995588121,0.22212246974252176,-0.006856294995588121,0.0
0.794,0.22173227666127596,-0.006832155029703145,0.22173227666127596,-0.006832155029703145,0.0
0.795,0.221343453535695,-0.00680814254399266,0.221343453535695,-0.00680814254399266,0.0
0.796,0.22095599315625175,-0.006784256640967179,0.22095599315625175,-0.006784256640967179,0.0
0.797,0.22056988836396618,-0.006760496431033836,0.22056988836396618,-0.006760496431033836,0.0
0.798,0.2201851320499631,-0.006736861032413043,0.2201851320499631,-0.006736861032413043,0.0
0.799,0.219801717155034,-0.006713349571056152,0.219801717155034,-0.006713349571056152,0.0
0.8,0.21941963666920386,-0.0066899611805641464,0.21941963666920386,-0.0066899611805641464,0.0
0.801,0.2190388836313022,-0.006666695002107324,0.2190388836313022,-0.006666695002107324,0.0
0.802,0.21865945112853855,-0.006643550184345952,0.21865945112853855,-0.006643550184345952,0.0
0.803,0.2182813322960829,-0.006620525883351919,0.2182813322960829,-0.006620525883351919,0.0
0.804,0.21790452031664972,-0.006597621262531307,0.21790452031664972,-0.006597621262531307,0.0
0.805,0.21752900842008713,-0.006574835492547945,0.21752900842008713,-0.006574835492547945,0.0
0.806,0.2171547898829695,-0.0065521677512478645,0.2171547898829695,-0.0065521677512478645,0.0
0.807,0.2167818580281948,-0.00652961722358467,0.2167818580281948,-0.00652961722358467,0.0
0.808,0.21641020622458632,-0.0065071831015458435,0.21641020622458632,-0.0065071831015458435,0.0
0.809,0.21603982788649767,-0.0064848645840799145,0.21603982788649767,-0.0064848645840799145,0.0
0.81,0.21567071647342267,-0.006462660877024512,0.21567071647342267,-0.006462660877024512,0.0
0.811,0.21530286548960884,-0.006440571193035289,0.21530286548960884,-0.006440571193035289,0.0
0.812,0.21493626848367484,-0.006418594751515707,0.21493626848367484,-0.006418594751515707,0.0
0.813,0.2145709190482322,-0.00639673077854765,0.2145709190482322,-0.00639673077854765,0.0
0.814,0.21420681081951032,-0.006374978506822884,0.21420681081951032,-0.006374978506822884,0.0
0.815,0.2138439374769859,-0.006353337175575331,0.2138439374769859,-0.006353337175575331,0.0
0.816,0.21348229274301567,-0.006331806030514149,0.21348229274301567,-0.006331806030514149,0.0
0.817,0.21312187038247316,-0.00631038432375762,0.21312187038247316,-0.00631038432375762,0.0
0.818,0.21276266420238926,-0.006289071313767817,0.21276266420238926,-0.006289071313767817,0.0
0.819,0.21240466805159583,-0.0062678662652860505,0.21240466805159583,-0.0062678662652860505,0.0
0.82,0.21204787582037357,-0.006246768449269077,0.21204787582037357,-0.006246768449269077,0.0
0.821,0.21169228144010324,-0.006225777142826075,0.21169228144010324,-0.006225777142826075,0.0
0.822,0.21133787888292016,-0.006204891629156348,0.21133787888292016,-0.006204891629156348,0.0
0.823,0.21098466216137257,-0.006184111197487786,0.21098466216137257,-0.006184111197487786,0.0
0.824,0.21063262532808313,-0.006163435143016028,0.21063262532808313,-0.006163435143016028,0.0
0.825,0.21028176247541402,-0.006142862766844363,0.21028176247541402,-0.006142862766844363,0.0
0.826,0.20993206773513512,-0.006122393375924309,0.20993206773513512,-0.006122393375924309,0.0
0.827,0.20958353527809598,-0.006102026282996932,0.20958353527809598,-0.006102026282996932,0.0
0.828,0.20923615931390052,-0.006081760806534805,0.20923615931390052,-0.006081760806534805,0.0
0.829,0.2088899340905854,-0.006061596270684673,0.2088899340905854,-0.006061596270684673,0.0
0.83,0.20854485389430136,-0.006041532005210784,0.20854485389430136,-0.006041532005210784,0.0
0.831,0.20820091304899785,-0.006021567345438869,0.20820091304899785,-0.006021567345438869,0.0
0.832,0.20785810591611056,-0.00600170163220079,0.20785810591611056,-0.00600170163220079,0.0
0.833,0.20751642689425248,-0.005981934211779813,0.20751642689425248,-0.005981934211779813,0.0
0.834,0.2071758704189076,-0.005962264435856529,0.2071758704189076,-0.005962264435856529,0.0
0.835,0.20683643096212784,-0.005942691661455399,0.20683643096212784,-0.005942691661455399,0.0
0.836,0.2064981030322327,-0.005923215250891898,0.2064981030322327,-0.005923215250891898,0.0
0.837,0.20616088117351247,-0.0059038345717203015,0.20616088117351247,-0.0059038345717203015,0.0
0.838,0.2058247599659337,-0.005884548996682046,0.2058247599659337,-0.005884548996682046,0.0
0.839,0.20548973402484794,-0.005865357903654695,0.20548973402484794,-0.005865357903654695,0.0
0.84,0.205155798000703,-0.005846260675601485,0.205155798000703,-0.005846260675601485,0.0
0.841,0.20482294657875763,-0.005827256700521453,0.20482294657875763,-0.005827256700521453,0.0
0.842,0.20449117447879828,-0.005808345371400141,0.20449117447879828,-0.005808345371400141,0.0
0.843,0.20416047645485907,-0.005789526086160841,0.20416047645485907,-0.005789526086160841,0.0
0.844,0.20383084729494438,-0.005770798247616429,0.20383084729494438,-0.005770798247616429,0.0
0.845,0.20350228182075394,-0.0057521612634217085,0.20350228182075394,-0.0057521612634217085,0.0
0.846,0.20317477488741104,-0.005733614546026337,0.20317477488741104,-0.005733614546026337,0.0
0.847,0.20284832138319295,-0.005715157512628253,0.20284832138319295,-0.005715157512628253,0.0
0.848,0.2025229162292639,-0.0056967895851276415,0.2025229162292639,-0.0056967895851276415,0.0
0.849,0.2021985543794112,-0.005678510190081434,0.2021985543794112,-0.005678510190081434,0.0
0.85,0.2018752308197833,-0.005660318758658291,0.2018752308197833,-0.005660318758658291,0.0
0.851,0.20155294056863055,-0.005642214726594127,0.20155294056863055,-0.005642214726594127,0.0
0.852,0.20123167867604846,-0.005624197534148109,0.20123167867604846,-0.005624197534148109,0.0
0.853,0.20091144022372384,-0.005606266626059165,0.20091144022372384,-0.005606266626059165,0.0
0.854,0.20059222032468244,-0.005588421451502974,0.20059222032468244,-0.005588421451502974,0.0
0.855,0.2002740141230399,-0.005570661464049428,0.2002740141230399,-0.005570661464049428,0.0
0.856,0.1999568167937546,-0.005552986121620596,0.1999568167937546,-0.005552986121620596,0.0
0.857,0.19964062354238302,-0.005535394886449134,0.19964062354238302,-0.005535394886449134,0.0
0.858,0.19932542960483746,-0.005517887225037164,0.19932542960483746,-0.005517887225037164,0.0
0.859,0.19901123024714584,-0.0055004626081156084,0.19901123024714584,-0.0055004626081156084,0.0
0.86,0.19869802076521398,-0.005483120510603991,0.19869802076521398,-0.005483120510603991,0.0
0.861,0.19838579648459015,-0.005465860411570657,0.19838579648459015,-0.005465860411570657,0.0
0.862,0.1980745527602318,-0.005448681794193465,0.1980745527602318,-0.005448681794193465,0.0
0.863,0.1977642849762743,-0.005431584145720882,0.1977642849762743,-0.005431584145720882,0.0
0.864,0.19745498854580223,-0.005414566957433539,0.19745498854580223,-0.005414566957433539,0.0
0.865,0.19714665891062247,-0.005397629724606171,0.19714665891062247,-0.005397629724606171,0.0
0.866,0.19683929154103963,-0.005380771946470027,0.19683929154103963,-0.005380771946470027,0.0
0.867,0.19653288193563342,-0.005363993126175645,0.19653288193563342,-0.005363993126175645,0.0
0.868,0.1962274256210385,-0.005347292770756062,0.1962274256210385,-0.005347292770756062,0.0
0.869,0.19592291815172577,-0.005330670391090421,0.19592291815172577,-0.005330670391090421,0.0
0.87,0.19561935510978617,-0.005314125501867968,0.19561935510978617,-0.005314125501867968,0.0
0.871,0.19531673210471628,-0.005297657621552456,0.19531673210471628,-0.005297657621552456,0.0
0.872,0.19501504477320625,-0.0052812662723469295,0.19501504477320625,-0.0052812662723469295,0.0
0.873,0.19471428877892907,-0.005264950980158886,0.19471428877892907,-0.005264950980158886,0.0
0.874,0.1944144598123323,-0.005248711274565827,0.1944144598123323,-0.005248711274565827,0.0
0.875,0.19411555359043173,-0.005232546688781177,0.19411555359043173,-0.005232546688781177,0.0
0.876,0.19381756585660656,-0.0052164567596205726,0.19381756585660656,-0.0052164567596205726,0.0
0.877,0.19352049238039704,-0.0052004410274685145,0.19352049238039704,-0.0052004410274685145,0.0
0.878,0.19322432895730324,-0.0051844990362453856,0.19322432895730324,-0.0051844990362453856,0.0
0.879,0.1929290714085866,-0.0051686303333748134,0.1929290714085866,-0.0051686303333748134,0.0
0.88,0.19263471558107226,-0.005152834469751394,0.19263471558107226,-0.005152834469751394,0.0
0.881,0.192341257346954,-0.00513711099970876,0.192341257346954,-0.00513711099970876,0.0
0.882,0.1920486926036008,-0.005121459480987986,0.1920486926036008,-0.005121459480987986,0.0
0.883,0.191757017273365,-0.005105879474706344,0.191757017273365,-0.005105879474706344,0.0
0.884,0.1914662273033919,-0.005090370545326377,0.1914662273033919,-0.005090370545326377,0.0
0.885,0.19117631866543217,-0.005074932260625317,0.19117631866543217,-0.005074932260625317,0.0
0.886,0.19088728735565466,-0.005059564191664825,0.19088728735565466,-0.005059564191664825,0.0
0.887,0.19059912939446202,-0.00504426591276105,0.19059912939446202,-0.00504426591276105,0.0
0.888,0.19031184082630703,-0.005029037001455003,0.19031184082630703,-0.005029037001455003,0.0
0.889,0.19002541771951154,-0.005013877038483261,0.19002541771951154,-0.005013877038483261,0.0
0.89,0.18973985616608602,-0.004998785607748963,0.18973985616608602,-0.004998785607748963,0.0
0.891,0.1894551522815519,-0.004983762296293125,0.1894551522815519,-0.004983762296293125,0.0
0.892,0.18917130220476458,-0.0049688066942662505,0.18917130220476458,-0.0049688066942662505,0.0
0.893,0.18888830209773827,-0.00495391839490025,0.18888830209773827,-0.00495391839490025,0.0
0.894,0.18860614814547266,-0.004939096994480641,0.18860614814547266,-0.004939096994480641,0.0
0.895,0.18832483655578103,-0.004924342092319061,0.18832483655578103,-0.004924342092319061,0.0
0.896,0.1880443635591198,-0.0049096532907260525,0.1880443635591198,-0.0049096532907260525,0.0
0.897,0.18776472540841957,-0.004895030194984137,0.18776472540841957,-0.004895030194984137,0.0
0.898,0.18748591837891787,-0.004880472413321175,0.18748591837891787,-0.004880472413321175,0.0
0.899,0.18720793876799327,-0.004865979556884003,0.18720793876799327,-0.004865979556884003,0.0
