Data_Point,H_form_pareto_k,B_form_pareto_k
0,-0.0924700947157058,-0.13205234990757536
1,-0.10651067202937567,-0.14403957940340828
2,-0.12196137603231597,-0.14940528350857646
3,0.0653384837905495,0.06466323457962672
4,0.14388375655824817,0.16056969254723907
5,0.19514356786168283,0.23434900245778473
6,0.1501494401044343,0.2310143675892924
7,0.10613090123285093,0.18395396122881447
8,0.17836743142129724,0.2584226292761249
9,0.07655879787362344,0.2649845049796456
10,0.08771325522027859,0.1360509704710117
11,0.18795264630219385,0.16579903177729857
12,0.10244987756479482,0.2839097984531126
13,0.3907545249866775,-0.03532449102195577
14,0.4837796690941795,-0.20396999899140292
15,0.5109253056449659,-0.05136811019246629
16,0.279267076189492,0.18220295861376945
17,0.38568295018417864,0.33831353643979356
18,0.12179450719352397,0.3744050055033748
19,-0.1420292234296219,0.36609315123112035
20,-0.1166432600525367,0.48431624183865907
21,-0.0706935574219562,0.33696138960657995
22,-0.1177843503723917,-0.19843958860665772
23,-0.09283064375018342,-0.14625676496802004
24,-0.0856607794494523,-0.09645128720490487
25,-0.10556867405927121,0.02755113443736635
26,-0.018997482104288168,0.02967012700812094
27,0.04393755824030174,-0.005773714073035138
28,0.19384858312747194,0.16920384282764958
29,0.28773410714844067,0.1850818730276424
30,0.3485415900130965,0.07072789705132115
31,0.2942929581774803,0.09586972839082104
32,-0.02565333264268416,-0.15087099546632265
33,0.018836334717726513,-0.05191028452939517
34,0.023679116724985877,0.15635224430713637
35,0.05484866775708208,0.16975292432849898
36,0.09870580172459643,0.15263405068536387
37,0.10531706564384392,0.09101249180017475
38,0.1051487988347843,0.04870543189106597
39,-0.0828340887908325,-0.128083374743719
40,-0.08997049994347431,-0.12813913408503005
41,-0.08932259668081302,-0.13299546744525265
42,-0.08387632768047998,-0.1298182505176561
43,-0.08823870738586136,-0.13066410113784602
44,-0.09453770592379371,-0.13479903924650155
45,-0.09503993363553563,-0.13639821346585518
46,-0.0944033411145314,-0.13948770943805364
47,-0.09658685409870446,-0.13987174237309155
48,-0.09727176683617958,-0.14025860205801788
49,-0.09887167359225157,-0.14074816451503636
50,-0.1004957715684975,-0.14071798508827357
51,-0.09735078318530437,-0.1421764197244228
52,-0.09797524917219112,-0.1443236003630281
53,-0.09870777331769473,-0.14353830114080607
54,-0.1012965276416307,-0.14660671232243214
55,-0.10229511876168162,-0.1468647107358689
56,-0.10469906065385334,-0.14707303435427518
57,-0.10442416248939548,-0.14539405409922668
58,-0.10587278039636118,-0.14556147620036047
59,-0.10782461180674961,-0.14288152943682175
60,-0.10780267477653477,-0.14044571165363742
61,-0.11079086706917597,-0.14223663658457078
62,-0.1099420046443515,-0.14204634370802266
63,-0.11326411401337881,-0.1441639524747853
64,-0.11479499456136182,-0.14587355593081247
65,-0.11579405489154794,-0.14294392956445579
66,-0.111195502368812,-0.14058112342766266
67,-0.11144556303741186,-0.14689181869746484
68,-0.11142760006636894,-0.14377343240819618
69,-0.009606909525325455,0.009894526001773703
70,0.005055663622435084,0.018294200723196985
71,0.004821604006352797,0.01587703082395273
72,0.009196740573149148,0.00336148939279549
73,-0.0032006635218493544,-0.024559795484088924
74,-0.042941619324955806,-0.07089844943314093
75,-0.04137400094211284,-0.08276970101460163
76,-0.04581968699838176,-0.12185191338535789
77,-0.02477407094356368,-0.1451269534840596
78,-0.06804890497375966,-0.048425609859686226
79,-0.03001150322924076,-0.02991601518906787
80,0.028648033358818315,-0.02512178282696613
81,0.04549223898782075,-0.029098794561688353
82,0.06256337669399285,-0.04111939726187782
83,0.06631349341812083,-0.05158390258852906
84,0.0555671037696576,-0.061340994863247816
85,0.044219088597016336,-0.0777461654154592
86,-0.08703226483350629,-0.13298946809469803
87,-0.08934799873141465,-0.13368139306943636
88,-0.09051597472162155,-0.13240525152617227
89,-0.09565972057657895,-0.13558482072895428
90,-0.09507444152258542,-0.13513424045253544
91,-0.09504293154011402,-0.13601135023458283
92,-0.09371843170160513,-0.1359706302047703
93,-0.09491723152450693,-0.1371251699852437
94,-0.09659407684734493,-0.13776083566678043
95,-0.09683618484525464,-0.13859556504065634
96,-0.09634261530051824,-0.13767422799940138
97,-0.09696618198044868,-0.1383494714704607
98,-0.09871361202820648,-0.1398109762888869
99,-0.09972689362773242,-0.14101047377040976
100,-0.09759015952786826,-0.14182155105512992
101,-0.09486230107842213,-0.141828200069425
102,-0.09657702914553544,-0.14301552018885855
103,-0.09960159153353709,-0.1441430903308522
104,-0.10267513415119173,-0.14613879545352154
105,-0.1027201714379725,-0.14582128528835472
106,-0.10289051002856099,-0.14440962542366173
107,-0.10813741904403408,-0.1449335409046335
108,-0.10766830651377084,-0.14236863304339845
109,-0.11079999314417806,-0.1410643915511213
110,-0.11429129576523349,-0.1395941903476879
111,-0.11345720506394477,-0.14212271618406755
112,-0.11567433919537491,-0.1435978831669486
113,-0.11315413201326371,-0.145600120883477
114,-0.11294225964132251,-0.14543143146424098
115,-0.1143604664884825,-0.14234198914481894
116,-0.11570869774073252,-0.1425409404996959
117,-0.11752600728507906,-0.14844492335250403
118,-0.11500003648616727,-0.14457977974868022
119,-0.11159868538676569,-0.14476516418576568
120,-0.11462930255199925,-0.146717425471638
121,0.006750589505161913,0.012736290160993707
122,0.013986876066769386,0.009045654171097189
123,7.827733996624436e-05,-0.005668050867021894
124,-0.01051768168838303,-0.02916766253962371
125,0.029249481540800423,-0.08947156634274679
126,-0.01767808668563435,-0.11797134968035769
127,-0.0565350844341801,-0.11824267411027074
128,-0.07656320490475364,-0.0673033154273614
129,-0.024990981729854308,-0.12254222231234174
130,0.021948034687749248,-0.12393615910406153
131,-0.007826214592876746,-0.1280520072262952
132,-0.08210116517784409,0.043478237211184864
133,-0.04801276124353308,0.0569784807369009
134,-0.062376171578614165,0.05477567561433156
135,-0.1019937240999358,-0.05003901097190129
136,-0.08753773633471534,-0.14793462999620188
137,-0.09519618076240771,-0.1386046072618807
138,-0.09595377304935089,-0.13687653777814668
139,-0.09662698157721622,-0.13605608284075538
140,-0.0958592686467226,-0.13585571148140904
141,-0.09419556736525854,-0.13726556547431193
142,-0.09584874326038707,-0.13755966120490343
143,-0.09681419127790515,-0.13940963459562955
144,-0.09586516305592922,-0.13897863006545766
145,-0.09648711524095999,-0.13808864526881118
146,-0.09783287819943637,-0.1385161155812411
147,-0.09878198638759006,-0.13819108525092452
148,-0.09948880378129166,-0.13924094286625494
149,-0.10037878417887862,-0.1408617509739098
150,-0.10110660394953473,-0.14069655900124592
151,-0.09911287316817934,-0.14262034796433168
152,-0.0968595532526137,-0.14256535279712465
153,-0.09509916596061943,-0.14221712911193646
154,-0.09683675179698589,-0.14289128429482406
155,-0.09903448221933506,-0.14286876038905144
156,-0.10095652695350465,-0.14433727099685692
157,-0.10237194738970842,-0.1436648099935515
158,-0.10425577758285653,-0.14627809189969088
159,-0.10283052598781789,-0.1459049966506268
160,-0.10293968133509607,-0.145536445361567
161,-0.10407145286727884,-0.14378305353421084
162,-0.10827483982279003,-0.14618316853658048
163,-0.10849449434250585,-0.14428974488572108
164,-0.11049761173692894,-0.14229334438773222
165,-0.11048926196302854,-0.14119864834560794
166,-0.11090799765446928,-0.1408920571758217
167,-0.11135578212218612,-0.1421267809061151
168,-0.10783609499874372,-0.14335617854091634
169,-0.10087316368427598,-0.14522434039167262
170,-0.0933614250105692,-0.14019505062560841
171,-0.08663361196948363,-0.1344642064229271
172,-0.08496816214270138,-0.13119425480924016
173,-0.0891330311329505,-0.12790505600517665
174,-0.09775219873053385,-0.14042195348705871
175,-0.09563357694887577,-0.13984345508224386
176,-0.09675244385649008,-0.13910546630404808
177,-0.09517729086064501,-0.13912572080611108
178,-0.09902900278943037,-0.14708244024495232
179,-0.104127533958807,-0.1392319395539081
180,-0.001573854794933551,-0.0330667930210197
181,0.03515004323121203,-0.024066252921455502
182,0.06436603485762887,0.05881289699089781
183,0.13526754672308638,0.1450854353380856
184,0.0871537550410886,0.20001797441583946
185,0.03662283335458153,0.26607772845400424
186,0.08812047164137354,0.3608914114947216
187,0.21708279181450427,0.4204479020150363
188,0.8471800536195672,0.39940811686482436
189,0.345017791849298,0.07893271416108302
190,-0.02744127576668925,-0.08867721722254945
191,-0.4211391778185539,-0.15596940594144748
192,0.03844698848680931,-0.31540122786869357
193,0.04547505865176135,-0.11833379299916101
194,-0.03034355970740164,-0.07616399296586718
195,-0.1576902738703503,-0.14436529765883668
196,-0.12112618012667872,-0.09429246580199481
197,-0.2536533755915813,0.04216896385632441
198,-0.14095091372264693,-0.08857425564147459
199,0.11745463178243622,0.018075101727706017
200,0.1556994217119238,0.3462375612332177
201,0.23610041329482417,0.4958345416087208
202,0.23729782010626405,0.3261956546384635
203,0.17688880661844716,0.22461013413969716
204,0.07500107230688126,0.020684075546486658
205,0.0026809532815707635,0.011410882548246053
206,-0.01684807939568149,0.05736751691382525
207,-0.044457553053674125,0.04425458706488887
208,-0.07386209647772049,4.58961590647667e-05
209,-0.04495977192822152,-0.02129884751963995
210,-0.09890252311460604,-0.13253934437467896
211,-0.10041608565382855,-0.1352161177822012
212,-0.10163313176622547,-0.13768595083539362
213,-0.10423589537079829,-0.14000136861021634
214,-0.10589404820380041,-0.13951713241025365
215,-0.1019398339658823,-0.14137454821743112
216,-0.09849224764404312,-0.14002662486859876
217,-0.10117895415637239,-0.14090801612765724
218,-0.10272030349138504,-0.14088050520088208
219,-0.10247874445953661,-0.14068792672566782
220,-0.10241831558041398,-0.1393763248882546
221,-0.10135618860633315,-0.1400639352707495
222,-0.10034521354956816,-0.13898536559088687
223,-0.10096228715163642,-0.1399336950194554
224,-0.10243466026362348,-0.1416992525835245
225,-0.10260744698537218,-0.1419893723786702
226,-0.10333852584629795,-0.1427728846646968
227,-0.10405055043148044,-0.14407427420886357
228,-0.10490103659002828,-0.14366082633633587
229,-0.10586347616447224,-0.14509126653924917
230,-0.10692880029199475,-0.1442006184765941
231,-0.10671235912470106,-0.1446065448734629
232,-0.10429045688429131,-0.14310675203682216
233,-0.10264543941118369,-0.1457481812112374
234,-0.1023064638022715,-0.14471240298121746
235,-0.10356395528731627,-0.14215570865517516
236,-0.1061796257718557,-0.1421880511089235
237,-0.1098646687591527,-0.13811228144745197
238,-0.11244349841086358,-0.1379208252926813
239,-0.11381712629981826,-0.13983950012779084
240,-0.1167712405924562,-0.14337600029447994
241,-0.05413502492420419,-0.03785369413873475
242,-0.05970210453279123,-0.0100624765311238
243,-0.04006069325512727,-0.012141408367433364
244,-0.017991023171541075,-0.003723156546795973
245,-0.010271298576165083,-0.015443789851852546
246,-0.001443517992680456,-0.049778437891342155
247,-0.05205165805921182,-0.0957071400874617
248,-0.07937441111337251,-0.126073583142133
249,-0.037057115223010716,-0.07221134793159104
250,-0.008625135697521887,-0.059568501982386335
251,-0.023005709582017794,-0.0750437427589331
252,-0.038955673027155954,-0.04549664443293742
253,-0.061381441183122894,-0.03691647514778613
254,-0.04766321511293021,-0.027011920877401292
255,-0.04715538578722103,-0.020259651192452127
256,-0.025807159094317467,-0.022410501944408044
257,-0.049820174786250504,-0.025099648636890064
258,-0.09647622029070486,-0.1355186892317525
259,-0.09865305335949325,-0.13741905134893778
260,-0.09768306573881264,-0.13735250296090318
261,-0.10036906784546665,-0.13748527583798206
262,-0.10119848417302842,-0.13646468797801578
263,-0.10074199701168826,-0.135887738136221
264,-0.1025557535544685,-0.13674717022264277
265,-0.10251587759547773,-0.13694473517087843
266,-0.10167204307798382,-0.13703941113583376
267,-0.10275738714782907,-0.1353015877822073
268,-0.10522841250001236,-0.13953256193231733
269,-0.10770784303949046,-0.13727270493684846
270,-0.10282357894158767,-0.13848886875381586
271,-0.10484698729905699,-0.1400276132170028
272,-0.10516041187178392,-0.14159707715429465
273,-0.10335950249728713,-0.14109405063840696
274,-0.10557823746226604,-0.14172379318665212
275,-0.10539940748362922,-0.1404603660816603
276,-0.10429458889347905,-0.1407765520328454
277,-0.10292058945199373,-0.13780499693115777
278,-0.1013489809798214,-0.13765576852973782
279,-0.09949054131588744,-0.13891484759826486
280,-0.10067028508364745,-0.14162792910708602
281,-0.09922084188700353,-0.1429189750033162
282,-0.0993417207732577,-0.14351244262251242
283,-0.09853417471429196,-0.14372645402906
284,-0.09771786123173438,-0.14250170644803223
285,-0.10491143232779813,-0.14216076242916342
286,-0.10446094437696232,-0.1389307385170645
287,-0.110678004985078,-0.139027468871244
288,-0.10559518536574602,-0.13896170704622016
289,-0.10905478035007046,-0.13664312579274276
290,-0.10862292266075992,-0.1403099570306184
291,-0.10833160031286782,-0.14290875980354167
292,-0.10503579348722324,-0.1478513971768764
293,-0.005196454738173648,-0.07498394369107944
294,0.026942138325377365,-0.08202860298914183
295,0.015753460860282724,-0.0786914389862466
296,-0.007570603946928647,-0.09187383853414186
297,-0.038775577414941295,-0.11907525918651302
298,-0.04920742958291394,-0.11740946985027442
299,-0.04469427159692109,-0.08975092895855707
300,-0.013805381347024208,-0.06868741141833691
301,-0.018936897244178,-0.06055199747966611
302,-0.04690304154919276,-0.06140757134936434
303,-0.057791448662245476,-0.016929199223301133
304,-0.06335705664527588,-0.027357335127958432
305,-0.0036974333135527003,-0.10800163475888558
306,-0.002173303565549969,-0.16907441899491732
307,-0.04222316105653754,-0.18930387375400465
308,-0.05851258653139688,-0.19946880286454652
309,-0.04378587262089208,-0.14310142046531674
310,-0.10006019237086836,-0.13657115378517376
311,-0.10022098026876965,-0.13692178450103065
312,-0.1009293952590065,-0.13704715538605342
313,-0.10223942092066775,-0.13517296751854285
314,-0.10408458124427254,-0.13519800693965092
315,-0.10377649932612482,-0.13492107858727337
316,-0.10341868558637439,-0.13604250383418454
317,-0.10219782340077807,-0.1359372624056862
318,-0.10083568837873748,-0.13641362026674053
319,-0.09962331572731292,-0.13644028763711316
320,-0.09884604867253513,-0.13570930128623418
321,-0.09864024045464871,-0.13595551517440316
322,-0.10110325836699587,-0.13643137097350624
323,-0.10152540305902268,-0.13642018760275393
324,-0.10090242634561886,-0.1381906225030416
325,-0.10166393341996233,-0.13954241090012234
326,-0.10121171783667422,-0.14029680882592901
327,-0.10242745117651246,-0.1410340071801212
328,-0.10356087702398634,-0.1414254022318709
329,-0.10400167417121724,-0.1416752398695745
330,-0.10238731257259964,-0.14112422529138055
331,-0.10113524690344125,-0.14075851870840766
332,-0.09768394220681027,-0.14076444368261423
333,-0.09866574508073558,-0.14197954433897153
334,-0.09959269118536224,-0.14158860346334795
335,-0.09981182906200095,-0.14154670448629003
336,-0.09898062627842466,-0.14229810740525248
337,-0.09881100156589631,-0.14425352640936487
338,-0.10062091505711065,-0.14330884170221198
339,-0.10079841787877643,-0.1426840197060923
340,-0.10328531315915447,-0.1449347751374662
341,-0.09983155125374468,-0.14336093596340505
342,-0.10124927286315566,-0.14122622323100106
343,-0.09680940115913152,-0.13971266013332945
344,-0.09161313850030509,-0.1375185996714351
345,-0.09183851874984589,-0.13672951728689928
346,-0.09217551895477517,-0.13331460503763043
347,-0.09023165975413613,-0.13341237514129758
348,-0.10675813711914083,-0.14797846169404458
349,-0.1160422574525232,-0.13926767713036145
350,-0.1203186955563897,-0.14637078114760782
351,-0.12072882774227768,-0.1468119032616996
352,-0.12058895230020673,-0.15261679549471727
353,-0.11716160702828891,-0.13910178465239398
354,-0.1093875632836327,-0.14523645484412756
355,-0.09467671511738568,-0.13272859389144412
356,-0.13337934447998956,-0.010198979493889626
357,-0.08987902203206298,-0.04015279919377565
358,-0.055389485155449066,-0.029764353703583032
359,0.015003028972543785,-0.012281470328133655
360,0.02417936789430871,0.020160713203384206
361,0.14015519398358506,0.09991278840152658
362,0.3994953584332859,0.06111830760757434
363,1.2118508303555002,0.08943358397550029
364,-0.04709977573516629,0.13718209394852784
365,0.4928219649315848,0.1281582981379386
366,0.23221231156832473,0.06602417312907824
367,0.06849035007537746,0.11163218721552023
368,0.05287990362645339,-0.0890452333220029
369,0.39798375477162456,0.037064758085017496
370,-0.007843121471259118,0.04901610272141525
371,-0.09368531438877624,0.06642984108737113
372,0.18649231803452246,0.11106411421588808
373,0.30010176821118606,0.3625048462771527
374,0.21601234259885432,0.4416382099423399
375,0.07868491757067722,0.16937829519132555
376,0.019347712888130354,0.05743708298758503
377,-0.003790115031656165,0.0007135892495210789
378,0.00976138941413894,0.003094883872922642
379,-0.12882592709598548,0.0002743470421642611
380,0.014893218398889914,0.003967306782017219
381,0.0218444099126024,0.007185219665843448
382,-0.11045889361397548,-0.14525892686875785
383,-0.10946837073224788,-0.15192485699522404
384,-0.1158211162834583,-0.14573614463811999
385,-0.11544276519482513,-0.1431045957873363
386,-0.10904846773528812,-0.14518310654859046
387,-0.10858853250841916,-0.14728516082007387
388,-0.1040766059561661,-0.1388334013017104
389,-0.09789449278861374,-0.14186283424721147
390,-0.09174572119373077,-0.13523504955441762
391,-0.09816789736690344,-0.1382250166482444
392,-0.09888151248442556,-0.13971597496270172
393,-0.09791915436694337,-0.13988663420838576
394,-0.0929925773399171,-0.13744998313288034
395,-0.09420014540632536,-0.13422737637775317
396,-0.09175110345852011,-0.13702628319054322
397,-0.09948349871588757,-0.14043819465171548
398,-0.09888454707539654,-0.14195148384839945
399,-0.09733652567069334,-0.1374918087293127
400,-0.09477228349934352,-0.1333767261146411
401,-0.09131189319985275,-0.13704453436332933
402,-0.0972138007840426,-0.1399458515616788
403,-0.09883997847725214,-0.13918967674071056
404,-0.09783937942960892,-0.14159914318625316
405,-0.09749470281941967,-0.13872893669059944
406,-0.09080272331036396,-0.13822486172704154
407,-0.09621143582450933,-0.13609511085129306
408,-0.10212662739555704,-0.1336951363812474
409,-0.10822037513238737,-0.13861076009107573
410,-0.10897641682875357,-0.13970848777216316
411,-0.1086910141585256,-0.14059765250293324
412,-0.1068000840985798,-0.14012015277970236
413,-0.03797055847642233,0.0002167501149733424
414,-0.0764319652140053,-0.00310646468082062
415,-0.09722992356570095,-0.023735634007218072
416,-0.12900631229540846,-0.075705003478678
417,-0.1376468018889637,-0.13483473510668706
418,-0.09350721209342475,-0.15555386053800946
419,-0.09465644823398772,-0.10648442083189524
420,-0.0974742161418163,-0.13162068390505782
421,-0.06197315459267915,-0.11623252727439909
422,-0.04583497759526588,-0.07170226115661602
423,-0.08409623108118579,-0.07224994367624164
424,-0.1146347006173177,-0.0882605261862037
425,-0.03190024079997288,-0.0752863247317185
426,-0.043928230829266834,-0.04490402985397174
427,-0.049735485524073274,-0.06447635566806127
428,-0.11117216929091692,-0.039631739617842006
429,-0.12710311166610214,-0.04340963559243325
430,-0.14153833049621076,-0.046886324389963145
431,-0.09441188245761423,-0.14228991424464316
432,-0.0933150063108102,-0.14020531122134552
433,-0.09305758094667296,-0.1396807964223513
434,-0.0933975571923273,-0.13723773976465165
435,-0.09512970174583044,-0.13502839292511945
436,-0.09559319637287356,-0.1342204204542646
437,-0.0942974362400348,-0.1350324071004714
438,-0.09180082873893235,-0.13522435147383585
439,-0.0934046407963353,-0.1382233972789773
440,-0.09856359196116356,-0.1394362078199886
441,-0.09852882503382883,-0.14089172491816193
442,-0.09842784852942098,-0.14071454283749907
443,-0.09796855236443312,-0.13922686254923103
444,-0.09182617317093128,-0.1362630236141142
445,-0.09237271228085754,-0.13575018084021823
446,-0.1014585222247219,-0.14115370846136888
447,-0.10411930669269724,-0.1414390506886077
448,-0.10749041162177045,-0.1447379492147719
449,-0.10990032004885486,-0.14519604064916458
450,-0.10868893816593435,-0.14733435263229905
451,-0.10821425022096975,-0.14882926093395937
452,-0.10882143855406434,-0.14632033674612063
453,-0.10925181918806885,-0.1470428788901451
454,-0.10792042568498367,-0.1451358509564343
455,-0.11029201812830126,-0.14324383909700059
456,-0.11034284978966262,-0.14454627117302052
457,-0.10803100980924805,-0.14349779459176026
458,-0.10811113633729653,-0.1432517870374668
459,-0.1078528684592384,-0.1443265555388885
460,-0.10919254037218015,-0.1460507813173455
461,-0.11616960119513775,-0.14817595006793774
462,-0.11770597243889115,-0.14970977622107068
463,-0.11790831799367227,-0.14771601939094564
464,-0.11663974343376687,-0.14240316209513454
465,-0.09866324480591807,0.03283138363647927
466,-0.10411068936171504,0.005636450074626239
467,-0.09921998115241493,-0.04771846249863283
468,-0.0691195957838473,-0.06292262382045909
469,-0.05716037812458972,-0.06577337741820362
470,-0.046720927191207365,-0.0793098852269716
471,-0.06362814773812564,-0.09184851208635496
472,-0.025838428080297914,-0.0886684684631163
473,0.0012071010465142089,-0.068106942085254
474,-0.00945135769001353,-0.05818907934372845
475,-0.07767706477944318,-0.07103287165447295
476,-0.08797086446880502,-0.06816326446164934
477,-0.012238219636234835,-0.04830522716894031
478,-0.01640263877596148,-0.029360440259208823
479,-0.04892312768843086,-0.046948136743714904
480,-0.10099166996041464,-0.028671461888779184
481,-0.1481738984121699,-0.0767497050753335
482,-0.1606223419091943,0.05085204204399806
483,-0.10082038981588833,-0.14572503841455636
484,-0.10128729923953712,-0.1445960681218247
485,-0.10188330715543192,-0.1445020676547219
486,-0.09983443578446,-0.14489181796615988
487,-0.10123978511600351,-0.14601475942492015
488,-0.10489634750446235,-0.14427937464015883
489,-0.10281620021927168,-0.14248808708149793
490,-0.10134695140243516,-0.1420192481227779
491,-0.10124304014515029,-0.1414586382829353
492,-0.10213821212414505,-0.1409638969465738
493,-0.10325262988460542,-0.14126164916990397
494,-0.10368824767293258,-0.14124553282773916
495,-0.10257685950584561,-0.1418779444482863
496,-0.09902729776192272,-0.14059340743638263
497,-0.09375946330559634,-0.13781848326176527
498,-0.09274593181921245,-0.13486902527298075
499,-0.09247545955895084,-0.13784927619406462
500,-0.10237867070102342,-0.14132040100505172
501,-0.10051289374164127,-0.14082780130366362
502,-0.10446085538435283,-0.14288691482022903
503,-0.10490940141509127,-0.14059611420346618
504,-0.10462123196163901,-0.1431468781679179
505,-0.10444670760632138,-0.14193493842604418
506,-0.10312369289560623,-0.1391254232649112
507,-0.10049626722831234,-0.14022014670819238
508,-0.10220772613183696,-0.13671054276975722
509,-0.10215281659417284,-0.13487405235055483
510,-0.09933298354176913,-0.13231894207123313
511,-0.09679094600838808,-0.13510850131046886
512,-0.09583539722698384,-0.1369126849263591
513,-0.09235909527882091,-0.13968970584646712
514,-0.09748379162550166,-0.14438663918731584
515,-0.09472345656011236,-0.14465853959907732
516,-0.09894831323279205,-0.13905539361471264
517,-0.09929973979490786,-0.14390858341969345
518,-0.09503413559992475,-0.14168323865194454
519,-0.09875253730889967,-0.14194395265472287
520,-0.09147117789718633,-0.14600270235717816
521,-0.091102904101196,-0.14435154803600486
522,-0.09702709307137679,-0.1403421040400811
523,-0.09682145741329734,-0.14066406897388728
524,-0.09671045101921281,-0.1392481213545118
525,-0.09678900192286988,-0.1395175110242124
526,-0.09715217041256624,-0.14023429768116574
527,-0.0978816490586095,-0.1407050251087757
528,-0.09616289058108042,-0.14143867909579175
529,-0.09734292928665406,-0.1405810377889269
530,-0.09426659361953656,-0.14054064534151556
531,-0.09493984973443065,-0.13229635773961235
532,-0.07080861704857597,-0.12272738238011652
533,-0.013083648862832383,-0.08966078198203224
534,0.012520777859669197,-0.07685163457824165
535,0.07753680099928108,-0.007010987749749809
536,0.16140422061581072,0.10596191402660028
537,0.34303895106154697,0.2619425854186031
538,0.3948724215741968,0.3798902672996303
539,0.4086421007505427,0.6115373393430331
540,0.0885897398648033,0.17515267415576521
541,0.03414289661680691,0.15798082101976063
542,0.0223276415126076,-0.02934021814972157
543,0.16359303686656934,-0.0182057793508705
544,0.2053773095940124,-0.07436621825185737
545,0.13611604568895508,-0.07604298792278387
546,0.20737620608757354,0.24414774173761722
547,0.13262362864764973,0.2348121161940338
548,0.03679241193995896,0.10714788725281849
549,-0.03331826588537614,-0.03252857049989971
550,-0.07599192866696003,-0.06408370321668802
551,-0.15105523134456852,-0.057618494242931265
552,-0.09869376690482223,-0.14049575096562977
553,-0.10047171454274871,-0.13995771178168542
554,-0.09869947836166658,-0.1386639205089717
555,-0.09783846430808006,-0.14090902801236832
556,-0.09763668494114523,-0.14158165017703625
557,-0.09745491492515981,-0.14169311801684242
558,-0.09748083686966177,-0.14183918697973283
559,-0.09755191592861641,-0.1419338889004054
560,-0.09763724391827247,-0.14179184255837615
561,-0.09771738570101081,-0.1416139393391997
562,-0.09777903000917097,-0.14143184506004497
563,-0.09791470040125066,-0.1412635137082481
564,-0.0978283498161568,-0.14112634835848425
565,-0.09781744758035633,-0.14102904500592767
566,-0.0977889516656432,-0.14097309486244278
567,-0.09774675575375334,-0.140953902380701
568,-0.09769421816775023,-0.14096436201204698
569,-0.09763289472667339,-0.1409437259018409
570,-0.0975614269543247,-0.14076332616808654
571,-0.09747564933281323,-0.14056253095506838
572,-0.09736964968506347,-0.1403251067919709
573,-0.09723796106390109,-0.14003809365469286
574,-0.09707880446523816,-0.1403288577335348
575,-0.09690129894701456,-0.14067926838991118
576,-0.09672872462898982,-0.1407602492811821
577,-0.09660343002080246,-0.14068230266259624
578,-0.09658787377454894,-0.14069352965018292
579,-0.09676198735706872,-0.14084933999573662
580,-0.09721582606541124,-0.14023797209794805
581,-0.09804910119707437,-0.14102576281468215
582,-0.09840206200429617,-0.14076361262193754
583,-0.09833667919309624,-0.14325492662827954
584,-0.09848702003050472,-0.14276892101711652
585,-0.09907329622212328,-0.14481789833543393
586,-0.06955134567647607,-0.16384724113400334
587,-0.07725982096069296,-0.15993000797987955
588,-0.07501584019272495,-0.130786989566762
589,-0.06474978267380292,-0.11834990346566161
590,-0.05619562894677929,-0.12472047454857965
591,-0.044763837834128836,-0.1055723528256097
592,-0.03160609289783233,-0.10123548723345079
593,-0.033837850182908503,-0.09281703327023678
594,-0.035830430690486026,-0.09453265129083228
595,-0.02126239413723124,-0.1515504643136583
596,-0.09734956335934901,-0.1586690727899025
597,-0.09710221583639235,-0.13293682042392257
598,-0.1062284992200946,-0.1409503644951703
599,-0.12714420954600736,-0.13245981563742895
600,-0.09866161145336264,-0.1436620734595091
601,-0.09797273435145369,-0.1431685737894109
602,-0.09814343397680182,-0.14234357053485897
603,-0.09832968416506897,-0.14193399838603205
604,-0.09851415273109287,-0.1418228026532174
605,-0.0986877115427909,-0.14195370228429596
606,-0.09847684071009435,-0.14229789943004767
607,-0.09860816598971052,-0.1428314820066946
608,-0.09910611230564254,-0.14320775070733321
609,-0.09910857626518729,-0.14273751119561495
610,-0.09887219493060775,-0.1422558262538463
611,-0.09863158824817031,-0.1417783735689515
612,-0.09941812308230931,-0.14131985701067598
613,-0.09946512558377835,-0.14089026264982704
614,-0.09950569090699045,-0.14048670019017578
615,-0.09954349791509273,-0.1401074196855101
616,-0.09951617617882473,-0.1397459832294402
617,-0.09934099638968626,-0.13939189361581517
618,-0.09916680448288513,-0.13903426011239584
619,-0.09898768747747097,-0.13866311935858758
620,-0.09879835935223615,-0.13826879596342012
621,-0.0985948129803428,-0.1378452400783998
622,-0.09837424341469536,-0.13783432903271925
623,-0.09813428274284065,-0.13800493822579069
624,-0.09787161644841859,-0.13818851618357797
625,-0.0975800270879223,-0.13837785947383435
626,-0.09724814398847655,-0.138700766741831
627,-0.09685758118147933,-0.1388766965722339
628,-0.09638273800232522,-0.13904772191969747
629,-0.09579430323309603,-0.1395609109312974
630,-0.09506291088752447,-0.13987686828521984
631,-0.0949493740018421,-0.1408120703793274
632,-0.09552999479810693,-0.14003293503540876
633,-0.03956378604769051,-0.09827856579886815
634,-0.02075529785217949,-0.08962431567408799
635,-0.01999251472151124,-0.06892932606742994
636,-0.043102711103523955,-0.09469812518527247
637,-0.047781275826179886,-0.07979622670861299
638,-0.09410020862778679,-0.16330925028129173
639,-0.09137868308966783,-0.12439163377072618
640,-0.095052350532169,-0.13742441754425125
641,-0.09787961262110045,-0.14107392143759717
642,-0.10240761290959677,-0.14747326780312475
643,-0.11245452536398289,-0.1442687542102639
644,-0.12892614370099725,-0.14703064706694952
645,-0.07679910214873134,-0.04079829276043982
646,-0.06706918325242132,-0.12311228748480046
647,-0.07978027367662116,-0.1676514327111299
648,-0.08986221809680085,-0.16383081356609155
649,-0.09719808965508957,-0.14575835971116594
650,-0.09915768438452685,-0.14230693141179243
651,-0.0989782901619191,-0.14174750632291203
652,-0.0987256391332418,-0.14114177328412755
653,-0.0984799057525096,-0.14051578291676214
654,-0.09824594496673748,-0.14026425078537313
655,-0.09802947621472341,-0.1400809897538737
656,-0.09783953277914495,-0.14038315567007298
657,-0.09804473632282372,-0.1418219832404759
658,-0.09919250911336286,-0.14294340268463562
659,-0.09909956632232599,-0.1422806896182919
660,-0.09871595198744393,-0.14165901251625476
661,-0.09957473365981644,-0.14110547298695483
662,-0.09952757204021631,-0.14063210434292148
663,-0.09948794404876787,-0.14023948522143226
664,-0.09946206603989863,-0.1399237962771606
665,-0.09942573266356587,-0.1396701786121611
666,-0.09930408362699768,-0.13945795055141824
667,-0.09920485216031347,-0.1392645964203951
668,-0.09911150320542543,-0.13906728285340755
669,-0.09900945124753593,-0.13884956433080145
670,-0.09889345546300192,-0.1386033087243298
671,-0.09875778934118616,-0.1383284627749899
672,-0.0986061285750495,-0.13843149305202435
673,-0.09844288102154047,-0.13855863210915859
674,-0.09827027440171497,-0.13867843701151558
675,-0.09808451113360427,-0.13876751405195983
676,-0.09787279859837064,-0.13880972742884373
677,-0.09761254125968548,-0.13880198231046492
678,-0.0972749182617858,-0.1389501385443785
679,-0.09683593684625885,-0.13926927177691914
680,-0.09629735889316109,-0.13946307591190676
681,-0.09571019441622694,-0.14002237026478767
682,-0.09521596303318212,-0.14015411891535928
683,-0.09501832965600808,-0.1402713711174636
684,-0.09533316749027722,-0.14013504567600557
685,-0.0962865173889298,-0.13901337998240676
686,-0.09819669136979084,-0.13654370769566582
687,-0.12382428712856293,-0.13267318848648185
688,-0.06447421209817607,-0.14467247926357302
689,-0.10044044184732923,-0.14086646496519778
690,-0.06962444631588852,-0.11805006367293419
691,-0.04275669188514246,-0.09822073902646328
692,-0.009750476939904227,-0.0899611560415309
693,-0.02167007589012181,-0.10359002625573242
694,-0.09713236997427936,-0.137762075845032
695,-0.09724175191040615,-0.1390701706185477
